num_speculative_tokens,concurrency,repeat_index,step_index,duration_ms,num_scheduled_tokens,num_waiting,num_running
0,1,0,0,45.45438500002774,45,0,1
0,1,0,1,46.74071000005142,1,0,1
0,1,0,2,45.85970099998349,1,0,1
0,1,0,3,45.953735000011875,1,0,1
0,1,0,4,370.5075069999566,1,0,1
0,1,0,5,369.0284409999549,1,0,1
0,1,0,6,369.150975000025,1,0,1
0,1,0,7,369.4220879999648,1,0,1
0,1,0,8,369.1622399999801,1,0,1
0,1,0,9,46.951486000011755,1,0,1
0,1,0,10,46.3782349999633,1,0,1
0,1,0,11,46.29531500000894,1,0,1
0,1,0,12,46.28179500002716,1,0,1
0,1,0,13,46.32305200004794,1,0,1
0,1,0,14,369.6167340000329,1,0,1
0,1,0,15,372.726871999987,1,0,1
0,1,0,16,370.23092900000165,1,0,1
0,1,0,17,369.6643350000386,1,0,1
0,1,0,18,368.8829769999984,1,0,1
0,1,0,19,369.09670599999345,1,0,1
0,1,0,20,369.87957600001664,1,0,1
0,1,0,21,368.67663599997513,1,0,1
0,1,0,22,368.9183860000185,1,0,1
0,1,0,23,369.4271300000196,1,0,1
0,1,0,24,369.81684299996687,1,0,1
0,1,0,25,368.6171379999905,1,0,1
0,1,0,26,369.99347699998,1,0,1
0,1,0,27,369.7280100000171,1,0,1
0,1,0,28,368.9680689999477,1,0,1
0,1,0,29,369.33997099998805,1,0,1
0,1,0,30,369.5873109999752,1,0,1
0,1,0,31,369.88342300003296,1,0,1
0,1,0,32,368.4289119999562,1,0,1
0,1,0,33,369.16583600003605,1,0,1
0,1,0,34,367.8387950000115,1,0,1
0,1,0,35,369.6055949999959,1,0,1
0,1,0,36,369.0785600000481,1,0,1
0,1,0,37,370.7720969999855,1,0,1
0,1,0,38,369.0489740000089,1,0,1
0,1,0,39,369.67734399996743,1,0,1
0,1,0,40,369.89894499998854,1,0,1
0,1,0,41,369.66004999999313,1,0,1
0,1,0,42,506.5633050000429,1,0,1
0,1,0,43,370.04109500003324,1,0,1
0,1,0,44,369.08469799999466,1,0,1
0,1,0,45,368.84467699997003,1,0,1
0,1,0,46,369.60558700002366,1,0,1
0,1,0,47,369.924138999977,1,0,1
0,1,0,48,371.44275399998605,1,0,1
0,1,0,49,369.58078399999295,1,0,1
0,1,0,50,369.84256099998447,1,0,1
0,1,0,51,369.3203349999976,1,0,1
0,1,0,52,368.5029839999743,1,0,1
0,1,0,53,369.2362419999995,1,0,1
0,1,0,54,369.42365099997687,1,0,1
0,1,0,55,369.13403400001243,1,0,1
0,1,0,56,369.5488200000341,1,0,1
0,1,0,57,368.4501280000063,1,0,1
0,1,0,58,368.66384699999344,1,0,1
0,1,0,59,369.9615620000145,1,0,1
0,1,0,60,369.1527060000226,1,0,1
0,1,0,61,369.02529899998626,1,0,1
0,1,0,62,370.01171499997554,1,0,1
0,1,0,63,369.0583830000378,1,0,1
0,1,0,64,369.08990000000585,1,0,1
0,1,0,65,369.0858880000292,1,0,1
0,1,0,66,369.34665300003644,1,0,1
0,1,0,67,369.5250629999691,1,0,1
0,1,0,68,369.16232500004753,1,0,1
0,1,0,69,369.6527100000253,1,0,1
0,1,0,70,369.6558770000138,1,0,1
0,1,0,71,369.28805999997394,1,0,1
0,1,0,72,369.21753600000784,1,0,1
0,1,0,73,369.10608900001307,1,0,1
0,1,0,74,368.8232180000455,1,0,1
0,1,0,75,369.3212059999951,1,0,1
0,1,0,76,368.34550899999385,1,0,1
0,1,0,77,368.8784489999648,1,0,1
0,1,0,78,368.9124329999913,1,0,1
0,1,0,79,370.0570919999677,1,0,0
0,1,0,80,44.81384700000035,45,0,1
0,1,0,81,45.637014000021736,1,0,1
0,1,0,82,45.60726400001158,1,0,1
0,1,0,83,45.51539499999535,1,0,1
0,1,0,84,45.67956200003209,1,0,1
0,1,0,85,45.511051999994834,1,0,1
0,1,0,86,45.45397099997217,1,0,1
0,1,0,87,45.58739899999864,1,0,1
0,1,0,88,45.92874600001551,1,0,1
0,1,0,89,45.59087900003078,1,0,1
0,1,0,90,45.72259400003986,1,0,1
0,1,0,91,45.43104099997208,1,0,1
0,1,0,92,45.353990000023714,1,0,1
0,1,0,93,45.48710599999595,1,0,1
0,1,0,94,45.48361400003387,1,0,1
0,1,0,95,45.49003300002141,1,0,1
0,1,0,96,45.65401400003566,1,0,1
0,1,0,97,45.480019000024186,1,0,1
0,1,0,98,45.74588999997786,1,0,1
0,1,0,99,45.68794699997625,1,0,1
0,1,0,100,45.45441199996958,1,0,1
0,1,0,101,46.422211999981755,1,0,1
0,1,0,102,45.61125100002528,1,0,1
0,1,0,103,45.77990199999249,1,0,1
0,1,0,104,45.40943799997876,1,0,1
0,1,0,105,45.58358299999554,1,0,1
0,1,0,106,45.503564999989976,1,0,1
0,1,0,107,45.629956000027505,1,0,1
0,1,0,108,47.02889899999718,1,0,1
0,1,0,109,46.23308800000814,1,0,1
0,1,0,110,45.499522999989495,1,0,1
0,1,0,111,45.745769999996355,1,0,1
0,1,0,112,45.49617399999306,1,0,1
0,1,0,113,45.4010779999976,1,0,1
0,1,0,114,45.31565799999271,1,0,1
0,1,0,115,45.64352899996038,1,0,1
0,1,0,116,45.775324999965505,1,0,1
0,1,0,117,47.44907900004591,1,0,1
0,1,0,118,45.64102599999842,1,0,1
0,1,0,119,45.522586999993564,1,0,1
0,1,0,120,45.56883800000833,1,0,1
0,1,0,121,47.472255000002406,1,0,1
0,1,0,122,45.52557199997409,1,0,1
0,1,0,123,47.795516000007865,1,0,1
0,1,0,124,45.818438999958744,1,0,1
0,1,0,125,45.57072199997947,1,0,1
0,1,0,126,45.63980599999695,1,0,1
0,1,0,127,45.53175600000259,1,0,1
0,1,0,128,45.53672999998071,1,0,1
0,1,0,129,45.66779199996063,1,0,1
0,1,0,130,45.68433500003266,1,0,1
0,1,0,131,46.069035000016356,1,0,1
0,1,0,132,45.72758900002327,1,0,1
0,1,0,133,45.694772999979705,1,0,1
0,1,0,134,45.701297999983126,1,0,1
0,1,0,135,45.624883000016325,1,0,1
0,1,0,136,45.92514199998732,1,0,1
0,1,0,137,45.630743000003804,1,0,1
0,1,0,138,45.90276900000845,1,0,1
0,1,0,139,45.71436500003756,1,0,1
0,1,0,140,45.73612699999785,1,0,1
0,1,0,141,45.74277000000393,1,0,1
0,1,0,142,45.73517799997262,1,0,1
0,1,0,143,45.778195999957916,1,0,1
0,1,0,144,45.723651000002974,1,0,1
0,1,0,145,46.11892100001569,1,0,1
0,1,0,146,45.739472000036585,1,0,1
0,1,0,147,45.68137600000455,1,0,1
0,1,0,148,45.62846499999296,1,0,1
0,1,0,149,45.552348000001075,1,0,1
0,1,0,150,45.54365900003177,1,0,1
0,1,0,151,45.96377700005405,1,0,1
0,1,0,152,45.853524999984074,1,0,1
0,1,0,153,45.617277000019385,1,0,1
0,1,0,154,45.53941400001804,1,0,1
0,1,0,155,45.541597999999794,1,0,1
0,1,0,156,46.543052999993506,1,0,1
0,1,0,157,47.6166210000315,1,0,1
0,1,0,158,45.9617320000234,1,0,1
0,1,0,159,45.818703999998434,1,0,0
0,1,0,160,44.84629099999893,45,0,1
0,1,0,161,45.75913999997283,1,0,1
0,1,0,162,45.47474600002488,1,0,1
0,1,0,163,45.56801300003599,1,0,1
0,1,0,164,45.48925000000281,1,0,1
0,1,0,165,45.459052000012434,1,0,1
0,1,0,166,46.51781500001562,1,0,1
0,1,0,167,46.55027999996264,1,0,1
0,1,0,168,46.0144459999583,1,0,1
0,1,0,169,45.59179300002825,1,0,1
0,1,0,170,45.607377000010274,1,0,1
0,1,0,171,45.537172999956965,1,0,1
0,1,0,172,45.626925000021856,1,0,1
0,1,0,173,45.53963399996519,1,0,1
0,1,0,174,45.56677599998693,1,0,1
0,1,0,175,45.572793000019374,1,0,1
0,1,0,176,45.52044800004751,1,0,1
0,1,0,177,45.64892299998746,1,0,1
0,1,0,178,45.55905900002699,1,0,1
0,1,0,179,45.50237799998058,1,0,1
0,1,0,180,45.548121000024366,1,0,1
0,1,0,181,45.37387900001022,1,0,1
0,1,0,182,45.43920599996909,1,0,1
0,1,0,183,45.54247999999461,1,0,1
0,1,0,184,45.821553999985554,1,0,1
0,1,0,185,46.96862499997678,1,0,1
0,1,0,186,45.7438790000424,1,0,1
0,1,0,187,45.64838599998211,1,0,1
0,1,0,188,45.77968600000304,1,0,1
0,1,0,189,46.09493099997053,1,0,1
0,1,0,190,45.718956000030175,1,0,1
0,1,0,191,45.831652999993366,1,0,1
0,1,0,192,45.538423999971656,1,0,1
0,1,0,193,45.559854000032374,1,0,1
0,1,0,194,45.61687900002198,1,0,1
0,1,0,195,45.79013899996198,1,0,1
0,1,0,196,45.666857000014716,1,0,1
0,1,0,197,45.868066000025465,1,0,1
0,1,0,198,45.77393900001425,1,0,1
0,1,0,199,45.64316799996959,1,0,1
0,1,0,200,45.99639200000638,1,0,1
0,1,0,201,45.66090200000872,1,0,1
0,1,0,202,45.75582399996847,1,0,1
0,1,0,203,45.79000400002542,1,0,1
0,1,0,204,47.762397000042256,1,0,1
0,1,0,205,45.74890300000334,1,0,1
0,1,0,206,45.72150399997099,1,0,1
0,1,0,207,45.83891599997969,1,0,1
0,1,0,208,45.49458200000345,1,0,1
0,1,0,209,45.76922600000444,1,0,1
0,1,0,210,47.54872799998111,1,0,1
0,1,0,211,45.70992399999341,1,0,1
0,1,0,212,45.63567999997531,1,0,1
0,1,0,213,45.693038000024444,1,0,1
0,1,0,214,47.739581999962866,1,0,1
0,1,0,215,48.02212300000974,1,0,1
0,1,0,216,45.95192300001827,1,0,1
0,1,0,217,45.565600000031736,1,0,1
0,1,0,218,46.80068100003609,1,0,1
0,1,0,219,45.722944000033294,1,0,1
0,1,0,220,45.72666799998615,1,0,1
0,1,0,221,45.622967000042536,1,0,1
0,1,0,222,45.684316999995644,1,0,1
0,1,0,223,45.768589000033444,1,0,1
0,1,0,224,45.63404099997115,1,0,1
0,1,0,225,46.282665999967776,1,0,1
0,1,0,226,46.10197900001367,1,0,1
0,1,0,227,45.607650000022204,1,0,1
0,1,0,228,45.65096799996127,1,0,1
0,1,0,229,45.74739600002431,1,0,1
0,1,0,230,45.525714000007156,1,0,1
0,1,0,231,45.71182199998702,1,0,1
0,1,0,232,46.01601399997435,1,0,1
0,1,0,233,45.736905000012484,1,0,1
0,1,0,234,45.66758100003199,1,0,1
0,1,0,235,45.69449299998496,1,0,1
0,1,0,236,45.7092689999854,1,0,1
0,1,0,237,45.51502599997548,1,0,1
0,1,0,238,45.72465699999384,1,0,1
0,1,0,239,45.694535999984964,1,0,0
0,1,0,240,2126.6464749999727,36,0,1
0,1,0,241,369.39231099995595,1,0,1
0,1,0,242,370.0048649999985,1,0,1
0,1,0,243,369.4923329999824,1,0,1
0,1,0,244,368.81915100002516,1,0,1
0,1,0,245,369.8260489999825,1,0,1
0,1,0,246,369.16070899997067,1,0,1
0,1,0,247,368.84597499999927,1,0,1
0,1,0,248,368.95874499998627,1,0,1
0,1,0,249,46.021636999967086,1,0,1
0,1,0,250,46.30342699999801,1,0,1
0,1,0,251,45.87884199997916,1,0,1
0,1,0,252,46.287530999961746,1,0,1
0,1,0,253,45.928837000019485,1,0,1
0,1,0,254,46.14165700002104,1,0,1
0,1,0,255,45.8200649999867,1,0,1
0,1,0,256,45.80780099996673,1,0,1
0,1,0,257,45.888378000029206,1,0,1
0,1,0,258,45.93279099998426,1,0,1
0,1,0,259,45.840597999983856,1,0,1
0,1,0,260,45.881790000009914,1,0,1
0,1,0,261,46.21995299999071,1,0,1
0,1,0,262,45.67079299999932,1,0,1
0,1,0,263,45.61558700004298,1,0,1
0,1,0,264,45.79846799998677,1,0,1
0,1,0,265,45.69871899997224,1,0,1
0,1,0,266,45.83669800001644,1,0,1
0,1,0,267,45.89544200001683,1,0,1
0,1,0,268,46.198495999988154,1,0,1
0,1,0,269,45.85123700002214,1,0,1
0,1,0,270,45.99105699998063,1,0,1
0,1,0,271,45.885438999960115,1,0,1
0,1,0,272,45.75836399999389,1,0,1
0,1,0,273,45.766115999981594,1,0,1
0,1,0,274,46.08302100001538,1,0,1
0,1,0,275,46.12501400004021,1,0,1
0,1,0,276,46.035431000007065,1,0,1
0,1,0,277,48.30973699995411,1,0,1
0,1,0,278,46.089696000024105,1,0,1
0,1,0,279,45.74161400000776,1,0,1
0,1,0,280,45.84484100001873,1,0,1
0,1,0,281,45.85305900002368,1,0,1
0,1,0,282,46.43652499999007,1,0,1
0,1,0,283,46.61811900001567,1,0,1
0,1,0,284,46.11436999999796,1,0,1
0,1,0,285,45.7585609999569,1,0,1
0,1,0,286,45.86098800001537,1,0,1
0,1,0,287,45.92450100000178,1,0,1
0,1,0,288,45.74973600000476,1,0,1
0,1,0,289,46.00277399998731,1,0,1
0,1,0,290,46.734678999996504,1,0,1
0,1,0,291,45.96791500000563,1,0,1
0,1,0,292,45.87221399998498,1,0,1
0,1,0,293,45.9303370000157,1,0,1
0,1,0,294,46.0969619999787,1,0,1
0,1,0,295,45.767934000025434,1,0,1
0,1,0,296,46.06372599999986,1,0,1
0,1,0,297,45.945342000038636,1,0,1
0,1,0,298,46.0061829999745,1,0,1
0,1,0,299,45.82670099995312,1,0,1
0,1,0,300,45.74848700002576,1,0,1
0,1,0,301,45.82716900000605,1,0,1
0,1,0,302,45.85441099999343,1,0,1
0,1,0,303,45.87719699998161,1,0,1
0,1,0,304,46.25550700001213,1,0,1
0,1,0,305,46.383288000015455,1,0,1
0,1,0,306,45.770683000000645,1,0,1
0,1,0,307,46.03820699998096,1,0,1
0,1,0,308,45.93839599999683,1,0,1
0,1,0,309,45.76091300003782,1,0,1
0,1,0,310,45.721668999988196,1,0,1
0,1,0,311,45.94349999996439,1,0,1
0,1,0,312,46.05187600003546,1,0,1
0,1,0,313,46.08793199997763,1,0,1
0,1,0,314,45.950308999977096,1,0,1
0,1,0,315,46.00609199997052,1,0,1
0,1,0,316,46.07734299997901,1,0,1
0,1,0,317,46.157931999971424,1,0,1
0,1,0,318,45.868288000008306,1,0,1
0,1,0,319,45.831163999991986,1,0,0
0,1,0,320,1805.8197959999802,41,0,1
0,1,0,321,46.29890300003581,1,0,1
0,1,0,322,46.08504499998389,1,0,1
0,1,0,323,46.28839100001869,1,0,1
0,1,0,324,45.930965000025026,1,0,1
0,1,0,325,47.22693399997979,1,0,1
0,1,0,326,46.10199900002954,1,0,1
0,1,0,327,45.973704999994425,1,0,1
0,1,0,328,45.98493699995743,1,0,1
0,1,0,329,45.9056909999731,1,0,1
0,1,0,330,46.05476399996178,1,0,1
0,1,0,331,47.70118400000456,1,0,1
0,1,0,332,45.93035699997472,1,0,1
0,1,0,333,45.93977800004723,1,0,1
0,1,0,334,46.03738399998747,1,0,1
0,1,0,335,45.996379000030174,1,0,1
0,1,0,336,46.1456680000083,1,0,1
0,1,0,337,45.81068600003846,1,0,1
0,1,0,338,46.35640100002547,1,0,1
0,1,0,339,46.72857899998917,1,0,1
0,1,0,340,45.84842799999933,1,0,1
0,1,0,341,45.89836500002775,1,0,1
0,1,0,342,45.97347300000365,1,0,1
0,1,0,343,48.552588000006836,1,0,1
0,1,0,344,47.97200000001567,1,0,1
0,1,0,345,46.16918099998202,1,0,1
0,1,0,346,46.081089000040265,1,0,1
0,1,0,347,46.133377999979075,1,0,1
0,1,0,348,45.94472799999494,1,0,1
0,1,0,349,45.98079799995958,1,0,1
0,1,0,350,46.05572899998833,1,0,1
0,1,0,351,45.97191800002065,1,0,1
0,1,0,352,45.967063999967195,1,0,1
0,1,0,353,46.54638800002431,1,0,1
0,1,0,354,46.065800999997464,1,0,1
0,1,0,355,45.97368700001425,1,0,1
0,1,0,356,45.994586000006166,1,0,1
0,1,0,357,46.072476999995615,1,0,1
0,1,0,358,45.960840999953234,1,0,1
0,1,0,359,46.13111200001185,1,0,1
0,1,0,360,46.03340500000286,1,0,1
0,1,0,361,46.06011399999943,1,0,1
0,1,0,362,48.00899499997513,1,0,1
0,1,0,363,46.094675999995616,1,0,1
0,1,0,364,46.087281000041,1,0,1
0,1,0,365,45.99630400002752,1,0,1
0,1,0,366,46.289432999969904,1,0,1
0,1,0,367,46.0924230000046,1,0,1
0,1,0,368,45.91761600005384,1,0,1
0,1,0,369,45.96069899997701,1,0,1
0,1,0,370,46.08368999998902,1,0,1
0,1,0,371,46.028401999990365,1,0,1
0,1,0,372,46.081127000036304,1,0,1
0,1,0,373,46.138926000026004,1,0,1
0,1,0,374,46.0341770000241,1,0,1
0,1,0,375,46.502395000004526,1,0,1
0,1,0,376,46.05125199998383,1,0,1
0,1,0,377,46.03130600003169,1,0,1
0,1,0,378,45.934235000004264,1,0,1
0,1,0,379,46.278342999983124,1,0,1
0,1,0,380,45.986137999989296,1,0,1
0,1,0,381,46.334552999951484,1,0,1
0,1,0,382,46.09409699997968,1,0,1
0,1,0,383,45.93972500003929,1,0,1
0,1,0,384,45.93331199998829,1,0,1
0,1,0,385,45.91835500002617,1,0,1
0,1,0,386,46.59013299999515,1,0,1
0,1,0,387,45.987300999968284,1,0,1
0,1,0,388,46.14487899999631,1,0,1
0,1,0,389,45.96518300002117,1,0,1
0,1,0,390,46.08628900001577,1,0,1
0,1,0,391,46.03890099997443,1,0,1
0,1,0,392,46.02860500000361,1,0,1
0,1,0,393,45.94141100000115,1,0,1
0,1,0,394,46.17667299999084,1,0,1
0,1,0,395,45.94197599999461,1,0,1
0,1,0,396,46.27030299997159,1,0,1
0,1,0,397,45.84723700003224,1,0,1
0,1,0,398,45.889483999985714,1,0,1
0,1,0,399,46.25871900003631,1,0,0
0,1,1,0,47.05536299996993,45,0,1
0,1,1,1,47.491741999976966,1,0,1
0,1,1,2,46.2687419999952,1,0,1
0,1,1,3,45.907761000023584,1,0,1
0,1,1,4,45.66298999998253,1,0,1
0,1,1,5,45.8484609999914,1,0,1
0,1,1,6,45.89610900001162,1,0,1
0,1,1,7,45.8067899999719,1,0,1
0,1,1,8,45.722404000002825,1,0,1
0,1,1,9,45.76243799999702,1,0,1
0,1,1,10,45.8156029999941,1,0,1
0,1,1,11,45.665844999973615,1,0,1
0,1,1,12,47.361392000027536,1,0,1
0,1,1,13,45.88732799999207,1,0,1
0,1,1,14,45.701045999976486,1,0,1
0,1,1,15,45.74745200000052,1,0,1
0,1,1,16,45.66977299998598,1,0,1
0,1,1,17,45.64022800002476,1,0,1
0,1,1,18,47.75476000003209,1,0,1
0,1,1,19,45.85944899997685,1,0,1
0,1,1,20,45.70979099997885,1,0,1
0,1,1,21,45.832222000001366,1,0,1
0,1,1,22,45.731977000002644,1,0,1
0,1,1,23,46.00690300003407,1,0,1
0,1,1,24,45.904313999983515,1,0,1
0,1,1,25,46.08372699999563,1,0,1
0,1,1,26,46.39368700003388,1,0,1
0,1,1,27,45.69669700003942,1,0,1
0,1,1,28,45.7670300000359,1,0,1
0,1,1,29,45.94586299998582,1,0,1
0,1,1,30,45.90962300000001,1,0,1
0,1,1,31,46.652515000005224,1,0,1
0,1,1,32,46.14103599999453,1,0,1
0,1,1,33,46.264274999998634,1,0,1
0,1,1,34,45.96823399998584,1,0,1
0,1,1,35,45.87638800001059,1,0,1
0,1,1,36,45.879240000033406,1,0,1
0,1,1,37,46.23242400003846,1,0,1
0,1,1,38,46.00530499999422,1,0,1
0,1,1,39,46.025004000000536,1,0,1
0,1,1,40,46.23941599999171,1,0,1
0,1,1,41,45.90858700004219,1,0,1
0,1,1,42,45.987421000006634,1,0,1
0,1,1,43,45.960363000006055,1,0,1
0,1,1,44,45.960116999992806,1,0,1
0,1,1,45,45.95329800002901,1,0,1
0,1,1,46,46.244204000004174,1,0,1
0,1,1,47,46.21630799999821,1,0,1
0,1,1,48,45.882424000012634,1,0,1
0,1,1,49,45.97966099998985,1,0,1
0,1,1,50,45.86658799996712,1,0,1
0,1,1,51,45.86571800001593,1,0,1
0,1,1,52,45.923590000029435,1,0,1
0,1,1,53,46.25521600002003,1,0,1
0,1,1,54,46.070798000016566,1,0,1
0,1,1,55,45.93088499996156,1,0,1
0,1,1,56,46.203502999958346,1,0,1
0,1,1,57,45.88772100004235,1,0,1
0,1,1,58,46.132317999990846,1,0,1
0,1,1,59,45.99452400003656,1,0,1
0,1,1,60,46.009927999989486,1,0,1
0,1,1,61,47.482840999975906,1,0,1
0,1,1,62,48.829434999959176,1,0,1
0,1,1,63,46.784234000028846,1,0,1
0,1,1,64,46.60781300003691,1,0,1
0,1,1,65,46.13521500004936,1,0,1
0,1,1,66,45.657648000030804,1,0,1
0,1,1,67,45.87820199998305,1,0,1
0,1,1,68,45.51280999999108,1,0,1
0,1,1,69,45.601282000006904,1,0,1
0,1,1,70,47.80874599998697,1,0,1
0,1,1,71,45.593265000036354,1,0,1
0,1,1,72,45.76591699998289,1,0,1
0,1,1,73,45.764337999969484,1,0,1
0,1,1,74,45.74563199997783,1,0,1
0,1,1,75,45.62056299999995,1,0,1
0,1,1,76,45.84527999998045,1,0,1
0,1,1,77,45.741351999993185,1,0,1
0,1,1,78,45.696577999990495,1,0,1
0,1,1,79,45.7982639999841,1,0,0
0,1,1,80,44.62396499997112,45,0,1
0,1,1,81,45.79030799999373,1,0,1
0,1,1,82,45.887310000011894,1,0,1
0,1,1,83,45.771200000046974,1,0,1
0,1,1,84,45.71140100000548,1,0,1
0,1,1,85,45.86418400003822,1,0,1
0,1,1,86,45.77178400001003,1,0,1
0,1,1,87,45.765623000022515,1,0,1
0,1,1,88,45.55820900003482,1,0,1
0,1,1,89,47.1102370000267,1,0,1
0,1,1,90,45.83301799999617,1,0,1
0,1,1,91,45.47888700000158,1,0,1
0,1,1,92,45.406391999961215,1,0,1
0,1,1,93,45.41228800002273,1,0,1
0,1,1,94,45.28530099997852,1,0,1
0,1,1,95,45.58519299996533,1,0,1
0,1,1,96,45.33180999999331,1,0,1
0,1,1,97,45.47609299999067,1,0,1
0,1,1,98,45.469233000005715,1,0,1
0,1,1,99,46.80475899999692,1,0,1
0,1,1,100,45.5670100000134,1,0,1
0,1,1,101,45.64677700000175,1,0,1
0,1,1,102,45.64359100004367,1,0,1
0,1,1,103,45.548663999966266,1,0,1
0,1,1,104,45.457822000003034,1,0,1
0,1,1,105,47.267960999988645,1,0,1
0,1,1,106,45.6328669999948,1,0,1
0,1,1,107,45.48672099997475,1,0,1
0,1,1,108,45.529020000003584,1,0,1
0,1,1,109,45.77978800000437,1,0,1
0,1,1,110,45.742717000052835,1,0,1
0,1,1,111,45.68957499998305,1,0,1
0,1,1,112,45.94976300001008,1,0,1
0,1,1,113,46.08698900000263,1,0,1
0,1,1,114,45.94529600001351,1,0,1
0,1,1,115,45.701672000006965,1,0,1
0,1,1,116,45.75146500002347,1,0,1
0,1,1,117,45.64800399998603,1,0,1
0,1,1,118,45.82698000001528,1,0,1
0,1,1,119,46.27385100002357,1,0,1
0,1,1,120,46.16890799997009,1,0,1
0,1,1,121,45.68109699999923,1,0,1
0,1,1,122,45.69128600002159,1,0,1
0,1,1,123,45.67250900004183,1,0,1
0,1,1,124,45.48113700002432,1,0,1
0,1,1,125,45.68434199995863,1,0,1
0,1,1,126,45.5779170000028,1,0,1
0,1,1,127,45.57657900005552,1,0,1
0,1,1,128,45.582529000000704,1,0,1
0,1,1,129,45.43302899998025,1,0,1
0,1,1,130,45.433269999989534,1,0,1
0,1,1,131,45.498141999985364,1,0,1
0,1,1,132,45.59207800002696,1,0,1
0,1,1,133,45.50033900000017,1,0,1
0,1,1,134,45.86080999996511,1,0,1
0,1,1,135,45.58779600000662,1,0,1
0,1,1,136,45.61321799997131,1,0,1
0,1,1,137,45.76631600002656,1,0,1
0,1,1,138,45.74450200004776,1,0,1
0,1,1,139,45.66263700002082,1,0,1
0,1,1,140,46.02690500001927,1,0,1
0,1,1,141,45.70013199997902,1,0,1
0,1,1,142,45.80706399997325,1,0,1
0,1,1,143,45.79934899999216,1,0,1
0,1,1,144,45.71265399999902,1,0,1
0,1,1,145,45.55506700000933,1,0,1
0,1,1,146,45.61925800004474,1,0,1
0,1,1,147,45.65110800001548,1,0,1
0,1,1,148,45.81009899999344,1,0,1
0,1,1,149,45.869311999979345,1,0,1
0,1,1,150,45.73463500003072,1,0,1
0,1,1,151,45.6766529999868,1,0,1
0,1,1,152,45.51945199995089,1,0,1
0,1,1,153,45.56165500002862,1,0,1
0,1,1,154,45.63867699999946,1,0,1
0,1,1,155,45.677962000013395,1,0,1
0,1,1,156,45.656347999965874,1,0,1
0,1,1,157,45.65385399996558,1,0,1
0,1,1,158,45.68962999996984,1,0,1
0,1,1,159,45.879889999980605,1,0,0
0,1,1,160,44.59891900000912,45,0,1
0,1,1,161,45.78118199998471,1,0,1
0,1,1,162,45.864872999970885,1,0,1
0,1,1,163,45.759205999956976,1,0,1
0,1,1,164,45.5715940000232,1,0,1
0,1,1,165,45.873104999998304,1,0,1
0,1,1,166,45.69461399995589,1,0,1
0,1,1,167,45.51336099996206,1,0,1
0,1,1,168,45.76361699997733,1,0,1
0,1,1,169,45.42787700000872,1,0,1
0,1,1,170,45.683222999969075,1,0,1
0,1,1,171,45.72084599999471,1,0,1
0,1,1,172,45.40496300000996,1,0,1
0,1,1,173,45.80745000004072,1,0,1
0,1,1,174,45.67143700000997,1,0,1
0,1,1,175,45.801467000046614,1,0,1
0,1,1,176,45.72315799998705,1,0,1
0,1,1,177,45.686418000002504,1,0,1
0,1,1,178,45.679661999997734,1,0,1
0,1,1,179,45.93617099999392,1,0,1
0,1,1,180,45.646795999971346,1,0,1
0,1,1,181,45.86201899996922,1,0,1
0,1,1,182,45.75386700003037,1,0,1
0,1,1,183,45.869903999971484,1,0,1
0,1,1,184,45.96281300001692,1,0,1
0,1,1,185,45.961771000008866,1,0,1
0,1,1,186,46.99759800001857,1,0,1
0,1,1,187,45.80404300003238,1,0,1
0,1,1,188,45.703392999996595,1,0,1
0,1,1,189,45.6616970000141,1,0,1
0,1,1,190,45.77256799996121,1,0,1
0,1,1,191,45.653979000007894,1,0,1
0,1,1,192,47.43703599996252,1,0,1
0,1,1,193,45.71138300002531,1,0,1
0,1,1,194,45.69870400001719,1,0,1
0,1,1,195,45.70971000003965,1,0,1
0,1,1,196,45.63583999998855,1,0,1
0,1,1,197,45.84422400000676,1,0,1
0,1,1,198,45.719168000005084,1,0,1
0,1,1,199,45.87160300002324,1,0,1
0,1,1,200,46.639566999999715,1,0,1
0,1,1,201,46.19730699999991,1,0,1
0,1,1,202,45.842836000019815,1,0,1
0,1,1,203,45.86395100000118,1,0,1
0,1,1,204,45.571265999967636,1,0,1
0,1,1,205,45.679708000022856,1,0,1
0,1,1,206,45.80056899999363,1,0,1
0,1,1,207,45.759297000017796,1,0,1
0,1,1,208,45.70809400001963,1,0,1
0,1,1,209,45.816612999999506,1,0,1
0,1,1,210,45.814785000004576,1,0,1
0,1,1,211,45.75950099996362,1,0,1
0,1,1,212,45.69764500001838,1,0,1
0,1,1,213,45.676460999970914,1,0,1
0,1,1,214,45.623257999977795,1,0,1
0,1,1,215,45.9500230000458,1,0,1
0,1,1,216,45.80937399998675,1,0,1
0,1,1,217,47.43434499999921,1,0,1
0,1,1,218,45.71768899995732,1,0,1
0,1,1,219,45.633715000008124,1,0,1
0,1,1,220,45.675844000015786,1,0,1
0,1,1,221,46.52916800000639,1,0,1
0,1,1,222,46.53889500002606,1,0,1
0,1,1,223,45.81273299999111,1,0,1
0,1,1,224,45.84828000002972,1,0,1
0,1,1,225,45.7482079999636,1,0,1
0,1,1,226,45.744310000031874,1,0,1
0,1,1,227,45.58627900001966,1,0,1
0,1,1,228,46.047497000017756,1,0,1
0,1,1,229,45.74552499997253,1,0,1
0,1,1,230,45.6766529999868,1,0,1
0,1,1,231,45.73056200001702,1,0,1
0,1,1,232,45.779481000010946,1,0,1
0,1,1,233,45.588839999993525,1,0,1
0,1,1,234,45.735430000036104,1,0,1
0,1,1,235,45.70264700004145,1,0,1
0,1,1,236,46.134757000004356,1,0,1
0,1,1,237,45.75488599999744,1,0,1
0,1,1,238,45.681388999980754,1,0,1
0,1,1,239,45.80406799999537,1,0,0
0,1,1,240,44.758843000010984,36,0,1
0,1,1,241,45.871405000013965,1,0,1
0,1,1,242,45.76190799997448,1,0,1
0,1,1,243,45.62778500002196,1,0,1
0,1,1,244,45.55374699998538,1,0,1
0,1,1,245,45.710053000050266,1,0,1
0,1,1,246,45.69098400003213,1,0,1
0,1,1,247,45.68476500003271,1,0,1
0,1,1,248,45.53915999997571,1,0,1
0,1,1,249,45.77335200002608,1,0,1
0,1,1,250,45.61135699998431,1,0,1
0,1,1,251,45.956015999990996,1,0,1
0,1,1,252,46.02164300001732,1,0,1
0,1,1,253,45.65075599998636,1,0,1
0,1,1,254,45.60724499998514,1,0,1
0,1,1,255,45.80422700001918,1,0,1
0,1,1,256,45.73885999997174,1,0,1
0,1,1,257,47.619709000002786,1,0,1
0,1,1,258,46.640199000023586,1,0,1
0,1,1,259,45.72191999994857,1,0,1
0,1,1,260,45.56889399998454,1,0,1
0,1,1,261,45.602880999979334,1,0,1
0,1,1,262,45.598207000011826,1,0,1
0,1,1,263,45.56157700000085,1,0,1
0,1,1,264,45.59291700002177,1,0,1
0,1,1,265,45.57197899998755,1,0,1
0,1,1,266,45.73752199996761,1,0,1
0,1,1,267,45.55289000001039,1,0,1
0,1,1,268,45.60071399998833,1,0,1
0,1,1,269,46.595211000010295,1,0,1
0,1,1,270,47.37954600000194,1,0,1
0,1,1,271,46.01464799998212,1,0,1
0,1,1,272,45.632116000035694,1,0,1
0,1,1,273,46.28079899998738,1,0,1
0,1,1,274,45.99527800002079,1,0,1
0,1,1,275,45.56438999998136,1,0,1
0,1,1,276,45.51994800004877,1,0,1
0,1,1,277,45.58171999997285,1,0,1
0,1,1,278,45.46065400000998,1,0,1
0,1,1,279,47.223085999974046,1,0,1
0,1,1,280,45.797128000003795,1,0,1
0,1,1,281,45.571315000017876,1,0,1
0,1,1,282,45.77280000000883,1,0,1
0,1,1,283,45.58267900000601,1,0,1
0,1,1,284,46.17280799999435,1,0,1
0,1,1,285,45.66861700004665,1,0,1
0,1,1,286,45.74734299995953,1,0,1
0,1,1,287,46.09948899997107,1,0,1
0,1,1,288,45.713294999984555,1,0,1
0,1,1,289,45.68870200000674,1,0,1
0,1,1,290,45.59310399997685,1,0,1
0,1,1,291,45.79076400000304,1,0,1
0,1,1,292,45.64197999997077,1,0,1
0,1,1,293,45.715113000028396,1,0,1
0,1,1,294,45.756411000013486,1,0,1
0,1,1,295,45.64592299999504,1,0,1
0,1,1,296,45.84614200001624,1,0,1
0,1,1,297,45.56331200001296,1,0,1
0,1,1,298,45.48510099999703,1,0,1
0,1,1,299,45.64695099998062,1,0,1
0,1,1,300,45.608492999974715,1,0,1
0,1,1,301,45.87702999998555,1,0,1
0,1,1,302,48.201084000027095,1,0,1
0,1,1,303,47.01468600001135,1,0,1
0,1,1,304,45.65844000001107,1,0,1
0,1,1,305,45.65946499997153,1,0,1
0,1,1,306,45.571016999986114,1,0,1
0,1,1,307,45.580922999988616,1,0,1
0,1,1,308,45.77061899999535,1,0,1
0,1,1,309,45.62109099998679,1,0,1
0,1,1,310,45.61160599996583,1,0,1
0,1,1,311,45.67343000002211,1,0,1
0,1,1,312,45.5849310000076,1,0,1
0,1,1,313,45.68537099999048,1,0,1
0,1,1,314,45.51152700003058,1,0,1
0,1,1,315,45.63887699998759,1,0,1
0,1,1,316,45.633877999989636,1,0,1
0,1,1,317,45.611363999967125,1,0,1
0,1,1,318,45.629207000047245,1,0,1
0,1,1,319,45.663313999966704,1,0,0
0,1,1,320,44.52957600000218,41,0,1
0,1,1,321,45.62959399999045,1,0,1
0,1,1,322,45.67337299999963,1,0,1
0,1,1,323,45.97839199999498,1,0,1
0,1,1,324,45.65715400002546,1,0,1
0,1,1,325,45.474304000038046,1,0,1
0,1,1,326,45.502623000004405,1,0,1
0,1,1,327,46.96191699997598,1,0,1
0,1,1,328,47.50069499999654,1,0,1
0,1,1,329,45.965502999990804,1,0,1
0,1,1,330,46.51427300001387,1,0,1
0,1,1,331,45.54337799999075,1,0,1
0,1,1,332,45.58986099999629,1,0,1
0,1,1,333,45.56904499997927,1,0,1
0,1,1,334,45.830063000039445,1,0,1
0,1,1,335,45.95568400003458,1,0,1
0,1,1,336,46.1495609999929,1,0,1
0,1,1,337,45.711487999994915,1,0,1
0,1,1,338,45.72639399998479,1,0,1
0,1,1,339,45.53550800000039,1,0,1
0,1,1,340,45.58482099997718,1,0,1
0,1,1,341,45.725355000001855,1,0,1
0,1,1,342,45.744310999964455,1,0,1
0,1,1,343,45.547498000019004,1,0,1
0,1,1,344,45.74958699998888,1,0,1
0,1,1,345,45.66527600002246,1,0,1
0,1,1,346,45.869428000003154,1,0,1
0,1,1,347,47.43339399999513,1,0,1
0,1,1,348,45.82785100001274,1,0,1
0,1,1,349,45.77975299997661,1,0,1
0,1,1,350,45.795150999992984,1,0,1
0,1,1,351,45.8837510000194,1,0,1
0,1,1,352,45.7513289999838,1,0,1
0,1,1,353,45.67938799999638,1,0,1
0,1,1,354,45.80101599998443,1,0,1
0,1,1,355,45.73778500002845,1,0,1
0,1,1,356,45.544270000050346,1,0,1
0,1,1,357,45.57916099997783,1,0,1
0,1,1,358,45.86401099999193,1,0,1
0,1,1,359,45.989656000017476,1,0,1
0,1,1,360,45.87987500002555,1,0,1
0,1,1,361,47.676926999997704,1,0,1
0,1,1,362,45.87094100003242,1,0,1
0,1,1,363,45.746331999964696,1,0,1
0,1,1,364,45.614543999988655,1,0,1
0,1,1,365,45.7268989999875,1,0,1
0,1,1,366,45.6076729999495,1,0,1
0,1,1,367,47.36603800000694,1,0,1
0,1,1,368,45.71019500002649,1,0,1
0,1,1,369,45.753654999998616,1,0,1
0,1,1,370,45.65471400002252,1,0,1
0,1,1,371,45.79783500003032,1,0,1
0,1,1,372,45.67509499997868,1,0,1
0,1,1,373,45.67437200000768,1,0,1
0,1,1,374,46.03727700003901,1,0,1
0,1,1,375,45.880487000033554,1,0,1
0,1,1,376,45.552745000009054,1,0,1
0,1,1,377,45.706128000006174,1,0,1
0,1,1,378,45.56612299995777,1,0,1
0,1,1,379,45.64752600003885,1,0,1
0,1,1,380,45.566761000031875,1,0,1
0,1,1,381,45.61818700000231,1,0,1
0,1,1,382,45.63784399999804,1,0,1
0,1,1,383,45.68827399998554,1,0,1
0,1,1,384,45.54663599998321,1,0,1
0,1,1,385,45.575870999982726,1,0,1
0,1,1,386,45.723410999983116,1,0,1
0,1,1,387,45.6491130000245,1,0,1
0,1,1,388,45.577333999972325,1,0,1
0,1,1,389,45.65962899999931,1,0,1
0,1,1,390,45.691474000022936,1,0,1
0,1,1,391,45.863686999950914,1,0,1
0,1,1,392,45.68190800000593,1,0,1
0,1,1,393,45.65833899999916,1,0,1
0,1,1,394,45.64910400000599,1,0,1
0,1,1,395,45.75208599999314,1,0,1
0,1,1,396,45.62850700000354,1,0,1
0,1,1,397,45.82508800001506,1,0,1
0,1,1,398,47.535776000017904,1,0,1
0,1,1,399,45.57694499999343,1,0,0
8,1,0,0,228.07805799999414,45,0,1
8,1,0,1,230.9204969999996,9,0,1
8,1,0,2,1719.1446680000126,9,0,1
8,1,0,3,974.4752610000091,9,0,1
8,1,0,4,6186.4565709999515,9,0,1
8,1,0,5,5442.558125000005,9,0,1
8,1,0,6,976.4790969999808,9,0,1
8,1,0,7,7898.899013000005,9,0,1
8,1,0,8,6187.419933000001,9,0,1
8,1,0,9,977.6763799999912,9,0,1
8,1,0,10,6184.71677499997,9,0,1
8,1,0,11,6191.645739000023,9,0,1
8,1,0,12,4696.9769610000185,9,0,1
8,1,0,13,6184.080934999997,9,0,1
8,1,0,14,370.51018500000055,9,0,0
8,1,0,15,228.50652700003593,45,0,1
8,1,0,16,231.34252399995603,9,0,1
8,1,0,17,231.5850919999889,9,0,1
8,1,0,18,232.29927400001316,9,0,1
8,1,0,19,231.08145100002275,9,0,1
8,1,0,20,235.75796099999025,9,0,1
8,1,0,21,231.48792700004606,9,0,1
8,1,0,22,232.16823699999622,9,0,1
8,1,0,23,230.41090299994949,9,0,1
8,1,0,24,231.21036999998523,9,0,1
8,1,0,25,230.60533000000305,9,0,1
8,1,0,26,976.6731120000145,9,0,1
8,1,0,27,231.67830899996034,9,0,1
8,1,0,28,230.8450680000078,9,0,1
8,1,0,29,230.75932900002272,9,0,1
8,1,0,30,974.945890000015,9,0,1
8,1,0,31,231.87166100001377,9,0,1
8,1,0,32,370.50466400000914,9,0,0
8,1,0,33,229.14506699999038,45,0,1
8,1,0,34,234.28197099997305,9,0,1
8,1,0,35,232.5897419999592,9,0,1
8,1,0,36,232.0283469999822,9,0,1
8,1,0,37,231.17922399995905,9,0,1
8,1,0,38,976.1459740000191,9,0,1
8,1,0,39,230.61110499997994,9,0,1
8,1,0,40,231.15029299998469,9,0,1
8,1,0,41,975.7772440000281,9,0,1
8,1,0,42,231.1382999999978,9,0,1
8,1,0,43,230.75934600001347,9,0,1
8,1,0,44,231.15835599998036,9,0,1
8,1,0,45,1721.6748430000166,9,0,1
8,1,0,46,370.767944000022,9,0,0
8,1,0,47,7891.757275000032,36,0,1
8,1,0,48,975.7281519999879,9,0,1
8,1,0,49,229.44950600003722,9,0,1
8,1,0,50,230.38410699996348,9,0,1
8,1,0,51,230.63518899999735,9,0,1
8,1,0,52,230.22737799999504,9,0,1
8,1,0,53,231.11232600001586,9,0,1
8,1,0,54,231.61639799997147,9,0,1
8,1,0,55,975.8258559999717,9,0,1
8,1,0,56,230.93148200001679,9,0,1
8,1,0,57,230.34465399996407,9,0,1
8,1,0,58,230.27804699995613,9,0,1
8,1,0,59,230.39728999998488,9,0,1
8,1,0,60,230.79571300002044,9,0,1
8,1,0,61,230.93586400000277,9,0,1
8,1,0,62,47.56996000003255,9,0,0
8,1,0,63,1937.3568729999988,41,0,1
8,1,0,64,229.70245499999464,9,0,1
8,1,0,65,229.75861399999076,9,0,1
8,1,0,66,233.91897900000913,9,0,1
8,1,0,67,229.59856999995054,9,0,1
8,1,0,68,229.97469900002443,9,0,1
8,1,0,69,230.10448200000155,9,0,1
8,1,0,70,229.65228300000717,9,0,1
8,1,0,71,231.4630989999955,9,0,1
8,1,0,72,232.0139870000162,9,0,1
8,1,0,73,230.3941629999713,9,0,1
8,1,0,74,229.82231800000363,9,0,1
8,1,0,75,230.78387300000713,9,0,1
8,1,0,76,230.21905000001652,9,0,1
8,1,0,77,233.3491310000113,9,0,1
8,1,0,78,234.58184999998366,9,0,1
8,1,0,79,229.70089500000768,9,0,1
8,1,0,80,230.39580899995826,9,0,1
8,1,0,81,553.2060520000073,9,0,1
8,1,0,82,47.401748000027055,9,0,0
8,1,1,0,226.85299500000156,45,0,1
8,1,1,1,229.5756760000245,9,0,1
8,1,1,2,230.52186600000368,9,0,1
8,1,1,3,229.06356500004676,9,0,1
8,1,1,4,229.6799510000369,9,0,1
8,1,1,5,229.4321570000193,9,0,1
8,1,1,6,231.18592100001933,9,0,1
8,1,1,7,230.3059299999859,9,0,1
8,1,1,8,231.38823000005004,9,0,1
8,1,1,9,229.88251900000023,9,0,1
8,1,1,10,231.5015220000305,9,0,1
8,1,1,11,231.2964689999717,9,0,1
8,1,1,12,229.2762359999756,9,0,1
8,1,1,13,229.58532500001638,9,0,1
8,1,1,14,47.28307099998119,9,0,0
8,1,1,15,226.90123600000334,45,0,1
8,1,1,16,228.94497100003264,9,0,1
8,1,1,17,229.51286500000379,9,0,1
8,1,1,18,229.16359999999258,9,0,1
8,1,1,19,229.49368000001868,9,0,1
8,1,1,20,229.7910109999748,9,0,1
8,1,1,21,229.98566400002574,9,0,1
8,1,1,22,229.55934999998817,9,0,1
8,1,1,23,229.8578980000343,9,0,1
8,1,1,24,230.41395799998554,9,0,1
8,1,1,25,231.12382400000797,9,0,1
8,1,1,26,230.77122500001224,9,0,1
8,1,1,27,229.7824789999936,9,0,1
8,1,1,28,229.21820499999512,9,0,1
8,1,1,29,229.50896499997953,9,0,1
8,1,1,30,229.90298500002382,9,0,1
8,1,1,31,230.82050100003926,9,0,1
8,1,1,32,47.29255000000876,9,0,0
8,1,1,33,228.3764700000006,45,0,1
8,1,1,34,232.07175999999663,9,0,1
8,1,1,35,233.9764500000001,9,0,1
8,1,1,36,228.577711000014,9,0,1
8,1,1,37,229.34593799999448,9,0,1
8,1,1,38,229.7399999999925,9,0,1
8,1,1,39,228.93092200001774,9,0,1
8,1,1,40,229.67235599998048,9,0,1
8,1,1,41,229.39038199996276,9,0,1
8,1,1,42,230.1716580000175,9,0,1
8,1,1,43,233.05247500002224,9,0,1
8,1,1,44,229.72989200002303,9,0,1
8,1,1,45,229.65248700000984,9,0,1
8,1,1,46,46.95464799999627,9,0,0
8,1,1,47,228.55032100000017,36,0,1
8,1,1,48,229.7864789999835,9,0,1
8,1,1,49,229.6759980000047,9,0,1
8,1,1,50,229.63090700000066,9,0,1
8,1,1,51,229.95688699995753,9,0,1
8,1,1,52,229.80804399998078,9,0,1
8,1,1,53,230.26538599998503,9,0,1
8,1,1,54,233.64554099998713,9,0,1
8,1,1,55,230.08538999999928,9,0,1
8,1,1,56,231.81125700000393,9,0,1
8,1,1,57,236.39708300004258,9,0,1
8,1,1,58,231.4123290000225,9,0,1
8,1,1,59,233.31233999999768,9,0,1
8,1,1,60,231.31305199996177,9,0,1
8,1,1,61,230.26889599998412,9,0,1
8,1,1,62,47.40733699998145,9,0,0
8,1,1,63,226.65761799999018,41,0,1
8,1,1,64,229.44599999999582,9,0,1
8,1,1,65,229.12472900003422,9,0,1
8,1,1,66,231.54838300001757,9,0,1
8,1,1,67,228.96995900003958,9,0,1
8,1,1,68,228.9072109999779,9,0,1
8,1,1,69,229.44023899998456,9,0,1
8,1,1,70,229.08802000000605,9,0,1
8,1,1,71,229.31167299998378,9,0,1
8,1,1,72,231.06893499999615,9,0,1
8,1,1,73,232.29377199999135,9,0,1
8,1,1,74,229.40946700003906,9,0,1
8,1,1,75,229.79902100001937,9,0,1
8,1,1,76,229.25402600003508,9,0,1
8,1,1,77,229.24154300000055,9,0,1
8,1,1,78,229.76722700002483,9,0,1
8,1,1,79,229.41918399999395,9,0,1
8,1,1,80,229.27936899998258,9,0,1
8,1,1,81,228.9408510000044,9,0,1
8,1,1,82,47.49026399997547,9,0,0
9,1,0,0,250.0353949999976,45,0,1
9,1,0,1,252.14754799998218,10,0,1
9,1,0,2,252.3627959999999,10,0,1
9,1,0,3,252.16600300001346,10,0,1
9,1,0,4,252.33837000001813,10,0,1
9,1,0,5,254.56365200000164,10,0,1
9,1,0,6,254.98611199998322,10,0,1
9,1,0,7,253.1439439999872,10,0,1
9,1,0,8,252.62320600000976,10,0,1
9,1,0,9,252.96346799996172,10,0,1
9,1,0,10,253.01241200003233,10,0,1
9,1,0,11,255.4017030000182,10,0,1
9,1,0,12,252.32484100001784,10,0,1
9,1,0,13,47.36157699994692,10,0,0
9,1,0,14,249.66956800000162,45,0,1
9,1,0,15,252.69004799997674,10,0,1
9,1,0,16,252.8003120000335,10,0,1
9,1,0,17,252.23483399997804,10,0,1
9,1,0,18,252.2325820000333,10,0,1
9,1,0,19,256.4328149999824,10,0,1
9,1,0,20,252.41689400002087,10,0,1
9,1,0,21,255.6971669999939,10,0,1
9,1,0,22,253.32321400003366,10,0,1
9,1,0,23,252.38607000000002,10,0,1
9,1,0,24,252.37243200001558,10,0,1
9,1,0,25,252.5575539999636,10,0,1
9,1,0,26,252.66200199996547,10,0,1
9,1,0,27,252.707915999963,10,0,1
9,1,0,28,252.03623400000197,10,0,1
9,1,0,29,371.14972300003046,10,0,0
9,1,0,30,250.70905600000515,45,0,1
9,1,0,31,253.8078050000081,10,0,1
9,1,0,32,253.3501670000078,10,0,1
9,1,0,33,254.29978099998607,10,0,1
9,1,0,34,254.73661900002753,10,0,1
9,1,0,35,254.00076700003638,10,0,1
9,1,0,36,253.8851830000226,10,0,1
9,1,0,37,252.63843799996266,10,0,1
9,1,0,38,253.14117599998553,10,0,1
9,1,0,39,252.57744300000695,10,0,1
9,1,0,40,254.89847800002963,10,0,1
9,1,0,41,252.93395000005603,10,0,1
9,1,0,42,998.9609840000071,10,0,1
9,1,0,43,369.7349170000166,10,0,0
9,1,0,44,252.08891100004394,36,0,1
9,1,0,45,254.444827000043,10,0,1
9,1,0,46,254.15100899999743,10,0,1
9,1,0,47,252.73215900000423,10,0,1
9,1,0,48,252.48337299996138,10,0,1
9,1,0,49,253.18205500002477,10,0,1
9,1,0,50,252.38460799999984,10,0,1
9,1,0,51,252.70138399997677,10,0,1
9,1,0,52,252.88988400001244,10,0,1
9,1,0,53,253.6582579999731,10,0,1
9,1,0,54,253.32366000003503,10,0,1
9,1,0,55,252.88467500001843,10,0,1
9,1,0,56,253.43728199999305,10,0,1
9,1,0,57,252.9612879999945,10,0,1
9,1,0,58,253.20089499996357,10,0,1
9,1,0,59,47.5228710000124,10,0,0
9,1,0,60,252.88988800002699,41,0,1
9,1,0,61,255.10054099999024,10,0,1
9,1,0,62,253.0502850000289,10,0,1
9,1,0,63,252.20765500000653,10,0,1
9,1,0,64,251.82256699997652,10,0,1
9,1,0,65,256.196932000023,10,0,1
9,1,0,66,253.62681899997597,10,0,1
9,1,0,67,253.21675500003948,10,0,1
9,1,0,68,253.47818599999528,10,0,1
9,1,0,69,253.51142900001378,10,0,1
9,1,0,70,255.59562099999766,10,0,1
9,1,0,71,253.4783030000085,10,0,1
9,1,0,72,253.82933899999216,10,0,1
9,1,0,73,253.96038700000645,10,0,1
9,1,0,74,254.85278399997924,10,0,1
9,1,0,75,254.3769780000389,10,0,1
9,1,0,76,578.6783890000038,10,0,1
9,1,0,77,253.6797980000074,10,0,1
9,1,0,78,47.79159800000343,10,0,0
9,1,1,0,250.83104399999456,45,0,1
9,1,1,1,255.21253800002341,10,0,1
9,1,1,2,252.92616400002998,10,0,1
9,1,1,3,252.8970989999948,10,0,1
9,1,1,4,252.40678200003686,10,0,1
9,1,1,5,253.38621800000283,10,0,1
9,1,1,6,253.27984199998355,10,0,1
9,1,1,7,252.6460039999847,10,0,1
9,1,1,8,253.36584999996603,10,0,1
9,1,1,9,255.09856900004024,10,0,1
9,1,1,10,255.4496970000173,10,0,1
9,1,1,11,253.62226099997542,10,0,1
9,1,1,12,255.0846329999672,10,0,1
9,1,1,13,47.12300200003483,10,0,0
9,1,1,14,250.6460160000188,45,0,1
9,1,1,15,253.034619999994,10,0,1
9,1,1,16,252.67364400002634,10,0,1
9,1,1,17,252.63928999999052,10,0,1
9,1,1,18,253.2492689999799,10,0,1
9,1,1,19,252.95364499999096,10,0,1
9,1,1,20,252.8113919999555,10,0,1
9,1,1,21,254.38003799996523,10,0,1
9,1,1,22,254.14312899999913,10,0,1
9,1,1,23,255.4183729999977,10,0,1
9,1,1,24,255.42750599998953,10,0,1
9,1,1,25,255.2906600000142,10,0,1
9,1,1,26,254.48538599999893,10,0,1
9,1,1,27,254.02445699995724,10,0,1
9,1,1,28,253.45930899999303,10,0,1
9,1,1,29,47.45797499998616,10,0,0
9,1,1,30,251.52330100002018,45,0,1
9,1,1,31,253.1812369999784,10,0,1
9,1,1,32,252.96123700002227,10,0,1
9,1,1,33,253.0875960000003,10,0,1
9,1,1,34,252.77439000001323,10,0,1
9,1,1,35,253.4311449999791,10,0,1
9,1,1,36,253.04186299996445,10,0,1
9,1,1,37,256.03309799998897,10,0,1
9,1,1,38,253.71163699998078,10,0,1
9,1,1,39,255.9487069999591,10,0,1
9,1,1,40,255.0505560000147,10,0,1
9,1,1,41,254.61433399999578,10,0,1
9,1,1,42,253.8005370000178,10,0,1
9,1,1,43,47.37307600004215,10,0,0
9,1,1,44,252.57688299996062,36,0,1
9,1,1,45,257.96620599999187,10,0,1
9,1,1,46,252.62712699998247,10,0,1
9,1,1,47,252.64574800002038,10,0,1
9,1,1,48,252.67533300001332,10,0,1
9,1,1,49,252.9970219999882,10,0,1
9,1,1,50,253.98656199996594,10,0,1
9,1,1,51,253.46710499997016,10,0,1
9,1,1,52,252.34077800001842,10,0,1
9,1,1,53,255.2916459999892,10,0,1
9,1,1,54,254.63246499998604,10,0,1
9,1,1,55,257.05038500001365,10,0,1
9,1,1,56,254.3002190000152,10,0,1
9,1,1,57,252.82973299999867,10,0,1
9,1,1,58,252.63856499998383,10,0,1
9,1,1,59,47.11236299999655,10,0,0
9,1,1,60,251.15425699999605,41,0,1
9,1,1,61,252.01688200002081,10,0,1
9,1,1,62,251.68350799998507,10,0,1
9,1,1,63,252.02339999998458,10,0,1
9,1,1,64,251.83340699999235,10,0,1
9,1,1,65,252.1991770000227,10,0,1
9,1,1,66,253.93400699999802,10,0,1
9,1,1,67,254.61996900003214,10,0,1
9,1,1,68,253.45477900003743,10,0,1
9,1,1,69,253.2589630000075,10,0,1
9,1,1,70,252.29481200000237,10,0,1
9,1,1,71,253.50100299999667,10,0,1
9,1,1,72,252.76948200001925,10,0,1
9,1,1,73,252.3852730000158,10,0,1
9,1,1,74,252.77449800000795,10,0,1
9,1,1,75,252.8312600000504,10,0,1
9,1,1,76,251.90226299997676,10,0,1
9,1,1,77,252.28963099999646,10,0,1
9,1,1,78,47.04839499999025,10,0,0
10,1,0,0,274.90624600000046,45,0,1
10,1,0,1,277.2564599999896,11,0,1
10,1,0,2,276.1577789999592,11,0,1
10,1,0,3,276.40559599996095,11,0,1
10,1,0,4,276.9769899999801,11,0,1
10,1,0,5,277.0492970000191,11,0,1
10,1,0,6,277.2054019999928,11,0,1
10,1,0,7,276.8472220000149,11,0,1
10,1,0,8,276.03967200002444,11,0,1
10,1,0,9,278.8573970000243,11,0,1
10,1,0,10,277.9740710000169,11,0,1
10,1,0,11,276.74105399995597,11,0,1
10,1,0,12,1021.7518929999869,11,0,1
10,1,0,13,370.73595700002215,11,0,0
10,1,0,14,276.0791360000212,45,0,1
10,1,0,15,276.10361600000033,11,0,1
10,1,0,16,278.76280899999983,11,0,1
10,1,0,17,275.8227189999616,11,0,1
10,1,0,18,276.77862299998424,11,0,1
10,1,0,19,276.07301400001916,11,0,1
10,1,0,20,275.8886940000025,11,0,1
10,1,0,21,275.1693530000239,11,0,1
10,1,0,22,275.6007680000039,11,0,1
10,1,0,23,275.63625300001604,11,0,1
10,1,0,24,276.05453099999977,11,0,1
10,1,0,25,277.3962279999864,11,0,1
10,1,0,26,279.41884299997355,11,0,1
10,1,0,27,276.6178219999915,11,0,1
10,1,0,28,277.2189370000433,11,0,1
10,1,0,29,47.14748100002453,11,0,0
10,1,0,30,273.84275100001787,45,0,1
10,1,0,31,275.6659400000103,11,0,1
10,1,0,32,275.1018019999947,11,0,1
10,1,0,33,275.48542900001394,11,0,1
10,1,0,34,275.45085799999924,11,0,1
10,1,0,35,275.67537800001674,11,0,1
10,1,0,36,275.0333999999839,11,0,1
10,1,0,37,277.61304699998846,11,0,1
10,1,0,38,275.5157319999739,11,0,1
10,1,0,39,275.14489599997205,11,0,1
10,1,0,40,275.9260119999567,11,0,1
10,1,0,41,275.2299200000152,11,0,1
10,1,0,42,277.2422200000051,11,0,1
10,1,0,43,49.08849299999929,11,0,0
10,1,0,44,273.86986799996293,36,0,1
10,1,0,45,277.287269999988,11,0,1
10,1,0,46,276.334195000004,11,0,1
10,1,0,47,275.4036360000214,11,0,1
10,1,0,48,273.712890000013,11,0,1
10,1,0,49,274.0545519999955,11,0,1
10,1,0,50,274.4064089999938,11,0,1
10,1,0,51,274.2717810000386,11,0,1
10,1,0,52,274.8759759999757,11,0,1
10,1,0,53,275.5428920000327,11,0,1
10,1,0,54,275.3668189999985,11,0,1
10,1,0,55,276.80248399997254,11,0,1
10,1,0,56,276.6283429999703,11,0,1
10,1,0,57,275.98823399995354,11,0,1
10,1,0,58,276.250693999998,11,0,1
10,1,0,59,47.34020500001179,11,0,0
10,1,0,60,273.68057699999326,41,0,1
10,1,0,61,275.317087000019,11,0,1
10,1,0,62,274.4380060000253,11,0,1
10,1,0,63,275.08044100000006,11,0,1
10,1,0,64,274.36575599995194,11,0,1
10,1,0,65,276.4409819999969,11,0,1
10,1,0,66,273.55951399999867,11,0,1
10,1,0,67,273.6065930000109,11,0,1
10,1,0,68,275.96839699998554,11,0,1
10,1,0,69,275.41617600002155,11,0,1
10,1,0,70,275.41628300002685,11,0,1
10,1,0,71,274.61088300003667,11,0,1
10,1,0,72,274.2849960000058,11,0,1
10,1,0,73,273.710956000059,11,0,1
10,1,0,74,273.54230700007065,11,0,1
10,1,0,75,273.8324829999783,11,0,1
10,1,0,76,47.03790200005642,11,0,0
10,1,1,0,277.4303289999125,45,0,1
10,1,1,1,275.5465449999974,11,0,1
10,1,1,2,275.50272100006623,11,0,1
10,1,1,3,275.5707110000003,11,0,1
10,1,1,4,275.28287999996337,11,0,1
10,1,1,5,274.8587560000715,11,0,1
10,1,1,6,276.21282799998426,11,0,1
10,1,1,7,276.95545200003835,11,0,1
10,1,1,8,276.53828300003624,11,0,1
10,1,1,9,275.2396610000005,11,0,1
10,1,1,10,275.3287550000323,11,0,1
10,1,1,11,275.92800700006137,11,0,1
10,1,1,12,279.0609040000618,11,0,1
10,1,1,13,47.27707500001088,11,0,0
10,1,1,14,275.76999399991564,45,0,1
10,1,1,15,276.3543219999747,11,0,1
10,1,1,16,277.01485700004014,11,0,1
10,1,1,17,277.14613799992094,11,0,1
10,1,1,18,282.6946200000293,11,0,1
10,1,1,19,278.6398859999508,11,0,1
10,1,1,20,278.430104999984,11,0,1
10,1,1,21,275.5754160000379,11,0,1
10,1,1,22,276.4227290000463,11,0,1
10,1,1,23,277.3144850000335,11,0,1
10,1,1,24,276.84289599994827,11,0,1
10,1,1,25,277.36886399998184,11,0,1
10,1,1,26,277.48128500002167,11,0,1
10,1,1,27,276.61616199998207,11,0,1
10,1,1,28,277.86496400005944,11,0,1
10,1,1,29,47.365359999957946,11,0,0
10,1,1,30,272.61708599996837,45,0,1
10,1,1,31,274.21461700009786,11,0,1
10,1,1,32,275.09056600001713,11,0,1
10,1,1,33,275.26134799995816,11,0,1
10,1,1,34,275.61739099996885,11,0,1
10,1,1,35,275.96105899999657,11,0,1
10,1,1,36,274.78214600000683,11,0,1
10,1,1,37,275.7709050000585,11,0,1
10,1,1,38,276.7222129999709,11,0,1
10,1,1,39,277.6094370000237,11,0,1
10,1,1,40,274.77292700007183,11,0,1
10,1,1,41,274.25028200002544,11,0,1
10,1,1,42,274.8652090000405,11,0,1
10,1,1,43,47.04874499998368,11,0,0
10,1,1,44,273.80364499992993,36,0,1
10,1,1,45,275.80342399994606,11,0,1
10,1,1,46,275.59770000004846,11,0,1
10,1,1,47,276.2126110000054,11,0,1
10,1,1,48,278.10344200008785,11,0,1
10,1,1,49,276.46598000001177,11,0,1
10,1,1,50,275.0816630000372,11,0,1
10,1,1,51,274.69770200002586,11,0,1
10,1,1,52,279.1757850000067,11,0,1
10,1,1,53,274.98875200001294,11,0,1
10,1,1,54,274.96608199999173,11,0,1
10,1,1,55,274.7015720000263,11,0,1
10,1,1,56,274.7262139999975,11,0,1
10,1,1,57,275.7374459999937,11,0,1
10,1,1,58,275.50656799996887,11,0,1
10,1,1,59,47.38293100001556,11,0,0
10,1,1,60,275.87950500003444,41,0,1
10,1,1,61,278.1355500000018,11,0,1
10,1,1,62,275.88585900002727,11,0,1
10,1,1,63,278.7257379999346,11,0,1
10,1,1,64,275.4767730000367,11,0,1
10,1,1,65,276.29396200006795,11,0,1
10,1,1,66,276.7819529999542,11,0,1
10,1,1,67,276.5790519999882,11,0,1
10,1,1,68,278.5174969999389,11,0,1
10,1,1,69,277.00657899993075,11,0,1
10,1,1,70,277.4783950000028,11,0,1
10,1,1,71,278.21984400009114,11,0,1
10,1,1,72,277.68168299996887,11,0,1
10,1,1,73,277.3239299999659,11,0,1
10,1,1,74,277.3683269999765,11,0,1
10,1,1,75,278.01901800000905,11,0,1
10,1,1,76,47.52039499999228,11,0,0
11,1,0,0,297.74187099997107,45,0,1
11,1,0,1,299.8498900000186,12,0,1
11,1,0,2,300.4588149999563,12,0,1
11,1,0,3,299.96135000010327,12,0,1
11,1,0,4,299.80290999992576,12,0,1
11,1,0,5,300.1594569999497,12,0,1
11,1,0,6,300.73818799996843,12,0,1
11,1,0,7,299.9984719999702,12,0,1
11,1,0,8,299.93414800003393,12,0,1
11,1,0,9,301.33371600004466,12,0,1
11,1,0,10,300.7373870000265,12,0,1
11,1,0,11,304.487287000029,12,0,1
11,1,0,12,1791.2002490000987,12,0,1
11,1,0,13,370.2721390000079,12,0,0
11,1,0,14,296.48961999998846,45,0,1
11,1,0,15,302.54969700001766,12,0,1
11,1,0,16,299.6091960000058,12,0,1
11,1,0,17,300.1602140000159,12,0,1
11,1,0,18,300.35302000010233,12,0,1
11,1,0,19,304.48832299998685,12,0,1
11,1,0,20,299.57802399997036,12,0,1
11,1,0,21,298.79423600004884,12,0,1
11,1,0,22,299.0535059999502,12,0,1
11,1,0,23,300.6144180000092,12,0,1
11,1,0,24,299.72283300003255,12,0,1
11,1,0,25,298.8963179999473,12,0,1
11,1,0,26,298.9888229999451,12,0,1
11,1,0,27,299.2831090000436,12,0,1
11,1,0,28,298.678074999998,12,0,1
11,1,0,29,370.335941999997,12,0,0
11,1,0,30,299.91608299997097,45,0,1
11,1,0,31,300.95613499997853,12,0,1
11,1,0,32,300.19685699994625,12,0,1
11,1,0,33,300.41337499994825,12,0,1
11,1,0,34,300.0927399999682,12,0,1
11,1,0,35,300.7080309999992,12,0,1
11,1,0,36,300.3454040000406,12,0,1
11,1,0,37,300.3824470000609,12,0,1
11,1,0,38,299.74638800001685,12,0,1
11,1,0,39,300.16776599995865,12,0,1
11,1,0,40,300.2374579999696,12,0,1
11,1,0,41,302.87465200001407,12,0,1
11,1,0,42,370.7852059999368,12,0,0
11,1,0,43,296.99120399993717,36,0,1
11,1,0,44,299.39709399991443,12,0,1
11,1,0,45,298.93659799995476,12,0,1
11,1,0,46,300.2164279999988,12,0,1
11,1,0,47,298.6761109999634,12,0,1
11,1,0,48,303.0095879998953,12,0,1
11,1,0,49,304.3459809999831,12,0,1
11,1,0,50,301.74620399998275,12,0,1
11,1,0,51,298.2938439999998,12,0,1
11,1,0,52,298.7103409999463,12,0,1
11,1,0,53,298.16446300003463,12,0,1
11,1,0,54,299.3312020000758,12,0,1
11,1,0,55,299.26690900003905,12,0,1
11,1,0,56,301.5058249999356,12,0,1
11,1,0,57,49.04921399997875,12,0,0
11,1,0,58,298.2003509999913,41,0,1
11,1,0,59,298.9115990000073,12,0,1
11,1,0,60,297.9697020000458,12,0,1
11,1,0,61,298.5675080000192,12,0,1
11,1,0,62,299.40304599995216,12,0,1
11,1,0,63,298.0740350000133,12,0,1
11,1,0,64,298.42758400002367,12,0,1
11,1,0,65,302.9227600000013,12,0,1
11,1,0,66,300.841756000068,12,0,1
11,1,0,67,300.8987949999664,12,0,1
11,1,0,68,299.05687699999817,12,0,1
11,1,0,69,299.35445199998867,12,0,1
11,1,0,70,298.489356999994,12,0,1
11,1,0,71,298.56226999993396,12,0,1
11,1,0,72,299.18376399996305,12,0,1
11,1,0,73,298.88059699999303,12,0,1
11,1,0,74,47.12551199997961,12,0,0
11,1,1,0,298.5070299999961,45,0,1
11,1,1,1,300.3237210000407,12,0,1
11,1,1,2,302.48349800001506,12,0,1
11,1,1,3,297.2737609999285,12,0,1
11,1,1,4,299.74081399996066,12,0,1
11,1,1,5,300.31127899997045,12,0,1
11,1,1,6,299.1367749999654,12,0,1
11,1,1,7,298.2963929999869,12,0,1
11,1,1,8,299.18590399995537,12,0,1
11,1,1,9,299.26683199994386,12,0,1
11,1,1,10,299.82687600011104,12,0,1
11,1,1,11,298.7385159999576,12,0,1
11,1,1,12,299.1627350000954,12,0,1
11,1,1,13,47.33953900006327,12,0,0
11,1,1,14,295.93390899992755,45,0,1
11,1,1,15,299.1694009999719,12,0,1
11,1,1,16,299.29909300005875,12,0,1
11,1,1,17,300.36067399998956,12,0,1
11,1,1,18,301.7285299999912,12,0,1
11,1,1,19,300.16157700003987,12,0,1
11,1,1,20,299.4464790000393,12,0,1
11,1,1,21,301.04227900005753,12,0,1
11,1,1,22,302.30810099999417,12,0,1
11,1,1,23,299.5941579999908,12,0,1
11,1,1,24,299.80321300001833,12,0,1
11,1,1,25,299.69383499997093,12,0,1
11,1,1,26,298.928874000012,12,0,1
11,1,1,27,298.99703500007035,12,0,1
11,1,1,28,299.1766289999305,12,0,1
11,1,1,29,47.30350299996644,12,0,0
11,1,1,30,297.54650699999274,45,0,1
11,1,1,31,299.27177400008986,12,0,1
11,1,1,32,298.77901099996507,12,0,1
11,1,1,33,298.03877400001966,12,0,1
11,1,1,34,298.67115499996544,12,0,1
11,1,1,35,298.5311479999382,12,0,1
11,1,1,36,298.7828929999523,12,0,1
11,1,1,37,299.79685699993297,12,0,1
11,1,1,38,304.5247610000388,12,0,1
11,1,1,39,299.9959310000122,12,0,1
11,1,1,40,299.1673720000563,12,0,1
11,1,1,41,299.282350999988,12,0,1
11,1,1,42,47.388790000013614,12,0,0
11,1,1,43,298.06899000004705,36,0,1
11,1,1,44,299.5479260000593,12,0,1
11,1,1,45,299.03634100003273,12,0,1
11,1,1,46,297.8651139999329,12,0,1
11,1,1,47,298.9596160000474,12,0,1
11,1,1,48,300.5485830000225,12,0,1
11,1,1,49,298.78625300000294,12,0,1
11,1,1,50,299.1775899999993,12,0,1
11,1,1,51,299.54065600009017,12,0,1
11,1,1,52,298.66595300006793,12,0,1
11,1,1,53,298.3645560000241,12,0,1
11,1,1,54,300.82269500007897,12,0,1
11,1,1,55,300.358570999947,12,0,1
11,1,1,56,300.95680299996275,12,0,1
11,1,1,57,47.245255999996516,12,0,0
11,1,1,58,297.9897049999636,41,0,1
11,1,1,59,298.9130610000075,12,0,1
11,1,1,60,299.6241390000023,12,0,1
11,1,1,61,299.35142300007556,12,0,1
11,1,1,62,299.1453959999717,12,0,1
11,1,1,63,299.3398099999922,12,0,1
11,1,1,64,300.27898299999833,12,0,1
11,1,1,65,299.651960999995,12,0,1
11,1,1,66,300.288716999944,12,0,1
11,1,1,67,300.7108290000815,12,0,1
11,1,1,68,301.8186650000416,12,0,1
11,1,1,69,302.3111620000236,12,0,1
11,1,1,70,303.180305000069,12,0,1
11,1,1,71,300.4438149999942,12,0,1
11,1,1,72,300.569333999988,12,0,1
11,1,1,73,300.6326800000352,12,0,1
11,1,1,74,47.693761000005,12,0,0
12,1,0,0,320.93863900001907,45,0,1
12,1,0,1,324.6255830000564,13,0,1
12,1,0,2,326.70254000004206,13,0,1
12,1,0,3,322.79201899996224,13,0,1
12,1,0,4,321.95198800002345,13,0,1
12,1,0,5,323.44146299999466,13,0,1
12,1,0,6,323.855510000044,13,0,1
12,1,0,7,323.73706200007746,13,0,1
12,1,0,8,322.42688000008,13,0,1
12,1,0,9,324.35573199995815,13,0,1
12,1,0,10,328.07691599998634,13,0,1
12,1,0,11,322.5886449999962,13,0,1
12,1,0,12,47.743409999952746,13,0,0
12,1,0,13,321.4887670000053,45,0,1
12,1,0,14,324.4721239999535,13,0,1
12,1,0,15,323.6066279999932,13,0,1
12,1,0,16,324.3304809999472,13,0,1
12,1,0,17,325.7709250000289,13,0,1
12,1,0,18,325.0141789999361,13,0,1
12,1,0,19,328.32763600004,13,0,1
12,1,0,20,323.63311699998576,13,0,1
12,1,0,21,324.4265790000327,13,0,1
12,1,0,22,323.71704799993495,13,0,1
12,1,0,23,324.5407319999458,13,0,1
12,1,0,24,323.64228799997363,13,0,1
12,1,0,25,325.1333349999186,13,0,1
12,1,0,26,324.695414999951,13,0,1
12,1,0,27,323.5817339999585,13,0,1
12,1,0,28,47.35685000002832,13,0,0
12,1,0,29,319.9260320000121,45,0,1
12,1,0,30,323.89554799999587,13,0,1
12,1,0,31,323.1744619999972,13,0,1
12,1,0,32,321.46662599996034,13,0,1
12,1,0,33,322.2162440000602,13,0,1
12,1,0,34,321.31162400003177,13,0,1
12,1,0,35,321.26719600000797,13,0,1
12,1,0,36,323.7946809999812,13,0,1
12,1,0,37,322.6191609999205,13,0,1
12,1,0,38,321.6427739999972,13,0,1
12,1,0,39,322.00381300003755,13,0,1
12,1,0,40,47.35325700005433,13,0,0
12,1,0,41,323.22264699996595,36,0,1
12,1,0,42,323.3773399999791,13,0,1
12,1,0,43,323.4390769999891,13,0,1
12,1,0,44,321.79483800007347,13,0,1
12,1,0,45,323.0136060000177,13,0,1
12,1,0,46,325.13676099995337,13,0,1
12,1,0,47,324.1567379999424,13,0,1
12,1,0,48,322.74375899999086,13,0,1
12,1,0,49,322.4320759999273,13,0,1
12,1,0,50,322.36889599994356,13,0,1
12,1,0,51,323.97443100001055,13,0,1
12,1,0,52,321.903280000015,13,0,1
12,1,0,53,323.3966950000422,13,0,1
12,1,0,54,325.4421030000003,13,0,1
12,1,0,55,49.047458999893934,13,0,0
12,1,0,56,320.43681400000423,41,0,1
12,1,0,57,322.72258599994075,13,0,1
12,1,0,58,322.8271409999479,13,0,1
12,1,0,59,322.46252200002345,13,0,1
12,1,0,60,321.9537179999179,13,0,1
12,1,0,61,322.44619200002944,13,0,1
12,1,0,62,321.8997110000146,13,0,1
12,1,0,63,322.18322300002455,13,0,1
12,1,0,64,324.5659770000202,13,0,1
12,1,0,65,323.96773899995424,13,0,1
12,1,0,66,324.80061400008253,13,0,1
12,1,0,67,323.78397899992706,13,0,1
12,1,0,68,322.5786740000558,13,0,1
12,1,0,69,322.9368559999557,13,0,1
12,1,0,70,323.9548190000505,13,0,1
12,1,0,71,324.74059699995905,13,0,1
12,1,0,72,325.1483779999944,13,0,1
12,1,0,73,47.69915899998978,13,0,0
12,1,1,0,321.8663740000238,45,0,1
12,1,1,1,323.74311500007025,13,0,1
12,1,1,2,327.6034589999881,13,0,1
12,1,1,3,325.0952679999273,13,0,1
12,1,1,4,324.9309220000214,13,0,1
12,1,1,5,323.9711049999414,13,0,1
12,1,1,6,323.1021960000362,13,0,1
12,1,1,7,323.9711179999176,13,0,1
12,1,1,8,323.7526650000291,13,0,1
12,1,1,9,323.52257100001225,13,0,1
12,1,1,10,324.4254040000669,13,0,1
12,1,1,11,327.6464489999853,13,0,1
12,1,1,12,49.45866900004603,13,0,0
12,1,1,13,324.29232599997704,45,0,1
12,1,1,14,326.0349629999837,13,0,1
12,1,1,15,327.02919199994085,13,0,1
12,1,1,16,323.66101400009484,13,0,1
12,1,1,17,329.7082550000141,13,0,1
12,1,1,18,322.27765300001465,13,0,1
12,1,1,19,323.7538250000398,13,0,1
12,1,1,20,324.1814080000722,13,0,1
12,1,1,21,323.9816160000828,13,0,1
12,1,1,22,324.04724000002716,13,0,1
12,1,1,23,323.6401990000104,13,0,1
12,1,1,24,323.04720699994505,13,0,1
12,1,1,25,327.36751799996,13,0,1
12,1,1,26,323.60150700003487,13,0,1
12,1,1,27,325.38831600004414,13,0,1
12,1,1,28,47.54429199999777,13,0,0
12,1,1,29,320.90965899999446,45,0,1
12,1,1,30,322.46233399996527,13,0,1
12,1,1,31,322.2265059999927,13,0,1
12,1,1,32,323.2539389999829,13,0,1
12,1,1,33,322.8230690000373,13,0,1
12,1,1,34,325.47671299994363,13,0,1
12,1,1,35,325.6102280000732,13,0,1
12,1,1,36,324.32695299996794,13,0,1
12,1,1,37,324.561612000025,13,0,1
12,1,1,38,323.4481689999029,13,0,1
12,1,1,39,325.0942440000699,13,0,1
12,1,1,40,49.31880499998442,13,0,0
12,1,1,41,322.2951269999612,36,0,1
12,1,1,42,323.46458600000005,13,0,1
12,1,1,43,324.41536799990445,13,0,1
12,1,1,44,325.05528899991987,13,0,1
12,1,1,45,324.7453079999332,13,0,1
12,1,1,46,325.286871000003,13,0,1
12,1,1,47,326.2007650000669,13,0,1
12,1,1,48,325.52048400009426,13,0,1
12,1,1,49,327.82121200000347,13,0,1
12,1,1,50,324.74461799995424,13,0,1
12,1,1,51,325.6103679999569,13,0,1
12,1,1,52,324.205677000009,13,0,1
12,1,1,53,323.0059009999877,13,0,1
12,1,1,54,321.4550220000092,13,0,1
12,1,1,55,47.574279000059505,13,0,0
12,1,1,56,320.3539769999679,41,0,1
12,1,1,57,322.1663599999829,13,0,1
12,1,1,58,321.6006950000292,13,0,1
12,1,1,59,321.91513200007194,13,0,1
12,1,1,60,321.817704999944,13,0,1
12,1,1,61,321.42187399995237,13,0,1
12,1,1,62,324.5466360000364,13,0,1
12,1,1,63,326.9019770000341,13,0,1
12,1,1,64,323.68333299996266,13,0,1
12,1,1,65,322.326180999994,13,0,1
12,1,1,66,322.866093000016,13,0,1
12,1,1,67,324.11315599995305,13,0,1
12,1,1,68,322.0001270000239,13,0,1
12,1,1,69,321.90356800003883,13,0,1
12,1,1,70,327.52917300001627,13,0,1
12,1,1,71,323.1590010000218,13,0,1
12,1,1,72,322.3023399999647,13,0,1
12,1,1,73,47.58587899993927,13,0,0
