Time (%),Total Time (ns),Instances,Avg (ns),Med (ns),Min (ns),Max (ns),StdDev (ns),Name
19.1,2870443796,31616,90790.9,27232.0,6144,233282,88640.4,"void kDequantizeBlockwise<__nv_bfloat16, (int)512, (int)64, (int)8, (int)2>(float *, unsigned char *, float *, T1 *, int, int)"
17.0,2562986919,4064,630656.2,629125.0,252770,2047023,293347.1,void cutlass::Kernel2<cutlass_80_tensorop_bf16_s16816gemm_relu_bf16_256x128_32x3_tn_align8>(T1::Params)
9.9,1491770533,6688,223051.8,172721.0,5664,965544,236791.5,ampere_bf16_s16816gemm_bf16_256x128_ldg8_f2f_stages_32x3_tn
4.1,624035240,66240,9420.8,2144.0,1120,178305,22616.6,"void at::native::vectorized_elementwise_kernel<(int)4, at::native::CUDAFunctor_add<c10::BFloat16>, std::array<char *, (unsigned long)3>>(int, T2, T3)"
4.1,619200953,1600,387000.6,527332.0,33760,951112,359147.7,void cutlass::Kernel2<cutlass_80_tensorop_bf16_s16816gemm_relu_bf16_128x128_32x4_nn_align8>(T1::Params)
4.0,605149031,1120,540311.6,591332.5,254146,950631,214790.0,void cutlass::Kernel2<cutlass_80_tensorop_bf16_s16816gemm_relu_bf16_256x128_32x3_nn_align8>(T1::Params)
3.3,492996916,3045,161903.7,68641.0,18625,1489898,191869.8,ampere_bf16_s1688gemm_bf16_128x128_ldg8_f2f_stages_32x1_nn
3.1,468393946,1766,265228.7,145601.0,14272,1783694,304031.0,ampere_bf16_s16816gemm_bf16_256x128_ldg8_f2f_stages_32x3_nn
2.7,408480965,4096,99726.8,69568.5,15872,282307,74817.1,ampere_bf16_s16816gemm_bf16_128x128_ldg8_f2f_stages_64x3_tn
2.2,331300392,30723,10783.5,2688.0,1056,139841,23933.6,"void at::native::vectorized_elementwise_kernel<(int)4, at::native::AUnaryFunctor<c10::BFloat16, c10::BFloat16, c10::BFloat16, at::native::binary_internal::MulFunctor<float>>, std::array<char *, (unsigned long)2>>(int, T2, T3)"
2.2,330674183,704,469707.6,544932.0,164193,888071,251135.0,void cutlass::Kernel2<cutlass_80_tensorop_bf16_s16816gemm_relu_bf16_128x256_32x3_tn_align8>(T1::Params)
2.2,329822615,6144,53682.1,29648.0,2560,212833,54045.3,"void at::native::vectorized_elementwise_kernel<(int)4, at::native::BinaryFunctor<c10::BFloat16, c10::BFloat16, c10::BFloat16, at::native::binary_internal::MulFunctor<float>>, std::array<char *, (unsigned long)3>>(int, T2, T3)"
1.7,250816600,21504,11663.7,6912.0,2592,127873,17139.4,"void at::native::<unnamed>::fused_dropout_kernel_vec<c10::BFloat16, float, unsigned int, (int)1, (int)8, bool>(at::cuda::detail::TensorInfo<const T1, T3>, at::cuda::detail::TensorInfo<T1, T3>, at::cuda::detail::TensorInfo<T6, T3>, T3, T2, at::PhiloxCudaState)"
1.4,217011715,1344,161467.0,203745.5,37696,255650,70846.1,ampere_bf16_s16816gemm_bf16_128x128_ldg8_f2f_stages_64x3_nn
1.4,207702604,2304,90148.7,57056.0,14496,250498,83588.1,ampere_bf16_s1688gemm_bf16_128x128_ldg8_f2f_stages_32x1_tn
1.2,179448742,22272,8057.1,4384.0,2144,44480,6996.3,void cutlass::Kernel2<cutlass_80_wmma_tensorop_bf16_s161616gemm_bf16_32x32_128x2_tn_align8>(T1::Params)
1.2,176509888,1536,114915.3,66641.0,10241,385411,114660.4,"void pytorch_flash::flash_bwd_dq_dk_dv_loop_seqk_parallel_kernel<Flash_bwd_kernel_traits<(int)128, (int)64, (int)64, (int)8, (int)4, (int)2, (int)2, (bool)1, (bool)0, cutlass::bfloat16_t, Flash_kernel_traits<(int)128, (int)64, (int)64, (int)8, cutlass::bfloat16_t>>, (bool)0, (bool)1, (bool)0, (bool)0, (bool)0, (bool)1, (bool)0>(pytorch_flash::Flash_bwd_params)"
1.1,171325009,27744,6175.2,3904.0,1952,26112,4430.6,"void at::native::elementwise_kernel<(int)128, (int)4, void at::native::gpu_kernel_impl_nocast<at::native::BinaryFunctor<c10::BFloat16, c10::BFloat16, c10::BFloat16, at::native::binary_internal::MulFunctor<float>>>(at::TensorIteratorBase &, const T1 &)::[lambda(int) (instance 1)]>(int, T3)"
1.1,163906504,9456,17333.6,4576.0,1088,615173,53700.1,"void at::native::vectorized_elementwise_kernel<(int)4, at::native::BinaryFunctor<float, float, float, at::native::binary_internal::MulFunctor<float>>, std::array<char *, (unsigned long)3>>(int, T2, T3)"
0.9,134410134,1984,67747.0,60528.0,5440,162625,45608.3,"void pytorch_flash::flash_fwd_kernel<Flash_fwd_kernel_traits<(int)128, (int)64, (int)64, (int)4, (bool)0, (bool)0, cutlass::bfloat16_t, Flash_kernel_traits<(int)128, (int)64, (int)64, (int)4, cutlass::bfloat16_t>>, (bool)0, (bool)1, (bool)0, (bool)0, (bool)0, (bool)1, (bool)0, (bool)0>(pytorch_flash::Flash_fwd_params)"
0.9,129957364,384,338430.6,181042.0,175009,672422,225080.8,void cutlass::Kernel2<cutlass_80_tensorop_bf16_s16816gemm_relu_bf16_256x64_32x4_nn_align8>(T1::Params)
0.8,123519951,31616,3906.9,3616.0,1952,10656,1616.1,"void kDequantizeBlockwise<float, (int)512, (int)64, (int)8, (int)0>(float *, unsigned char *, float *, T1 *, int, int)"
0.8,113579498,640,177468.0,178017.0,171681,205154,4004.4,"void gemm_4bit_sm80_m16n8k16<__nv_bfloat16, (int)128, (int)64, (int)64>(const T1 *, const unsigned char *, const float *, const unsigned char *, const float *, const float *, T1 *, const T1 *, int, int, int, int, int)"
0.7,106643269,9552,11164.5,6752.0,1312,215105,18664.5,"void at::native::unrolled_elementwise_kernel<at::native::direct_copy_kernel_cuda(at::TensorIteratorBase &)::[lambda() (instance 3)]::operator ()() const::[lambda() (instance 7)]::operator ()() const::[lambda(float) (instance 1)], std::array<char *, (unsigned long)2>, (int)4, TrivialOffsetCalculator<(int)1, unsigned int>, TrivialOffsetCalculator<(int)1, unsigned int>, at::native::memory::LoadWithCast<(int)1>, at::native::memory::StoreWithCast<(int)1>>(int, T1, T2, T4, T5, T6, T7)"
0.7,99527201,31616,3148.0,2368.0,1568,9440,1539.0,"void at::native::elementwise_kernel<(int)128, (int)2, void at::native::gpu_kernel_impl_nocast<at::native::CUDAFunctor_add<float>>(at::TensorIteratorBase &, const T1 &)::[lambda(int) (instance 1)]>(int, T3)"
0.6,97121800,9312,10429.7,6848.0,2464,41409,8950.0,"void at::native::elementwise_kernel<(int)128, (int)2, void at::native::gpu_kernel_impl_nocast<at::native::BinaryFunctor<float, float, float, at::native::binary_internal::MulFunctor<float>>>(at::TensorIteratorBase &, const T1 &)::[lambda(int) (instance 1)]>(int, T3)"
0.6,95028983,10752,8838.3,5088.0,1760,139265,13748.5,"void at::native::vectorized_elementwise_kernel<(int)4, void at::native::<unnamed>::masked_scale_kernel<bool, c10::BFloat16, float>(at::Tensor &, const at::Tensor &, const at::Tensor &, T3)::[lambda(c10::BFloat16, bool) (instance 1)], std::array<char *, (unsigned long)3>>(int, T2, T3)"
0.6,93866201,1536,61110.8,45408.0,11744,167010,47479.4,"void at::native::vectorized_elementwise_kernel<(int)4, at::native::<unnamed>::silu_backward_kernel(at::TensorIteratorBase &)::[lambda() (instance 1)]::operator ()() const::[lambda() (instance 4)]::operator ()() const::[lambda(c10::BFloat16, c10::BFloat16) (instance 1)], std::array<char *, (unsigned long)3>>(int, T2, T3)"
0.6,90241531,5600,16114.6,19072.0,2560,29984,7602.1,void cutlass::Kernel2<cutlass_80_wmma_tensorop_bf16_s161616gemm_bf16_32x32_128x2_nt_align8>(T1::Params)
0.5,81976362,38858,2109.6,1824.0,1312,10656,1068.5,"void cublasLt::splitKreduce_kernel<(int)32, (int)16, int, __nv_bfloat16, __nv_bfloat16, float, __nv_bfloat16, (bool)0, __nv_bfloat16, __nv_bfloat16, __nv_bfloat16, (bool)1, (bool)0, (bool)0>(cublasLt::cublasSplitKParams<T6>, const T4 *, const T10 *, T9 *, T5 *, const T6 *, const T6 *, const T11 *, const T4 *, T11 *, void *, long, T6 *, int *, T6 *, T6 *, const T6 *, const T6 *, const T6 *, const T6 *, const T6 *)"
0.5,70989174,7168,9903.6,7264.5,2624,31552,7522.0,void cutlass::Kernel2<cutlass_80_wmma_tensorop_bf16_s161616gemm_bf16_32x32_128x2_nn_align8>(T1::Params)
0.5,70802369,7008,10103.1,8896.0,2912,54113,7233.7,void cutlass::Kernel2<cutlass_80_wmma_tensorop_bf16_s161616gemm_bf16_32x32_32x1_nn_align8>(T1::Params)
0.4,66635253,3314,20107.2,4896.0,1152,82145,25547.0,"void at::native::vectorized_elementwise_kernel<(int)4, at::native::CUDAFunctor_add<float>, std::array<char *, (unsigned long)3>>(int, T2, T3)"
0.4,64666726,1792,36086.3,37536.0,24576,46592,4638.9,void cutlass::Kernel2<cutlass_80_tensorop_bf16_s16816gemm_relu_bf16_128x128_32x4_tn_align8>(T1::Params)
0.4,63872377,5568,11471.3,11584.0,3296,21120,4819.9,void cutlass::Kernel2<cutlass_80_wmma_tensorop_bf16_s161616gemm_bf16_16x16_128x2_nt_align8>(T1::Params)
0.4,61111825,3072,19893.2,9088.0,2592,63393,18584.8,"void at::native::vectorized_elementwise_kernel<(int)4, at::native::<unnamed>::silu_kernel(at::TensorIteratorBase &)::[lambda() (instance 1)]::operator ()() const::[lambda() (instance 6)]::operator ()() const::[lambda(c10::BFloat16) (instance 1)], std::array<char *, (unsigned long)2>>(int, T2, T3)"
0.4,56873453,9456,6014.5,3680.0,1088,235682,14181.5,"void at::native::vectorized_elementwise_kernel<(int)4, at::native::bfloat16_copy_kernel_cuda(at::TensorIteratorBase &)::[lambda(float) (instance 1)], std::array<char *, (unsigned long)2>>(int, T2, T3)"
0.4,56469737,8352,6761.2,5952.0,2688,14368,2823.2,void cutlass::Kernel2<cutlass_80_wmma_tensorop_bf16_s161616gemm_bf16_32x32_32x1_tn_align8>(T1::Params)
0.3,52616901,6144,8563.9,5856.0,2784,29440,6668.4,"void at::native::<unnamed>::CatArrayBatchedCopy<at::native::<unnamed>::OpaqueType<(unsigned int)2>, unsigned int, (int)4, (int)64, (int)64>(T1 *, at::native::<unnamed>::CatArrInputTensorMetadata<T1, T2, T4, T5>, at::native::<unnamed>::TensorSizeStride<T2, (unsigned int)4>, int, T2)"
0.3,50003922,6192,8075.6,5152.0,1568,36545,7755.7,"void at::native::vectorized_elementwise_kernel<(int)4, void at::native::<unnamed>::pow_tensor_scalar_kernel_impl<float, float>(at::TensorIteratorBase &, T2)::[lambda(float) (instance 1)], std::array<char *, (unsigned long)2>>(int, T2, T3)"
0.3,49382110,6194,7972.6,7296.0,2752,12128,1162.3,"void at::native::reduce_kernel<(int)512, (int)1, at::native::ReduceOp<float, at::native::MeanOps<float, float, float, float>, unsigned int, float, (int)4, (int)4>>(T3)"
0.3,48558043,9216,5268.9,3520.0,2016,17440,3907.9,"void at::native::elementwise_kernel<(int)128, (int)4, void at::native::gpu_kernel_impl_nocast<at::native::CUDAFunctor_add<c10::BFloat16>>(at::TensorIteratorBase &, const T1 &)::[lambda(int) (instance 1)]>(int, T3)"
0.3,45178212,1280,35295.5,31552.5,20385,58721,9372.4,ampere_bf16_s1688gemm_bf16_128x256_ldg8_f2f_stages_32x1_tn
0.3,43355471,96,451619.5,592869.0,88833,615269,190545.2,"void at::native::<unnamed>::cunn_SoftMaxForward<(int)4, float, float, float, at::native::<unnamed>::LogSoftMaxForwardEpilogue>(T4 *, const T2 *, int)"
0.3,39257170,3360,11683.7,7264.0,1792,171969,20756.5,"void at::native::reduce_kernel<(int)512, (int)1, at::native::ReduceOp<float, at::native::func_wrapper_t<float, at::native::sum_functor<float, float, float>::operator ()(at::TensorIterator &)::[lambda(float, float) (instance 1)]>, unsigned int, float, (int)4, (int)4>>(T3)"
0.2,35957537,9216,3901.6,2688.0,1888,28512,2784.0,"void at::native::elementwise_kernel<(int)128, (int)4, void at::native::gpu_kernel_impl_nocast<at::native::direct_copy_kernel_cuda(at::TensorIteratorBase &)::[lambda() (instance 3)]::operator ()() const::[lambda() (instance 12)]::operator ()() const::[lambda(c10::BFloat16) (instance 1)]>(at::TensorIteratorBase &, const T1 &)::[lambda(int) (instance 1)]>(int, T3)"
0.2,33355936,1664,20045.6,19968.0,8736,30144,4829.2,ampere_bf16_s16816gemm_bf16_64x64_ldg8_f2f_stages_64x5_nt
0.2,29735984,9216,3226.6,2432.0,1888,8704,1619.1,"void at::native::elementwise_kernel<(int)128, (int)4, void at::native::gpu_kernel_impl_nocast<at::native::neg_kernel_cuda(at::TensorIteratorBase &)::[lambda() (instance 2)]::operator ()() const::[lambda() (instance 9)]::operator ()() const::[lambda(c10::BFloat16) (instance 1)]>(at::TensorIteratorBase &, const T1 &)::[lambda(int) (instance 1)]>(int, T3)"
0.2,26996497,48,562427.0,694005.5,221538,705637,172806.6,"void at::native::<unnamed>::cunn_SoftMaxBackward<(int)4, float, float, float, at::native::<unnamed>::LogSoftMaxBackwardEpilogue>(T2 *, const T4 *, const T4 *, long)"
0.2,26106825,6432,4058.9,1600.0,1056,33184,5086.2,"void at::native::vectorized_elementwise_kernel<(int)4, at::native::AUnaryFunctor<float, float, float, at::native::binary_internal::MulFunctor<float>>, std::array<char *, (unsigned long)2>>(int, T2, T3)"
0.2,24782884,3120,7943.2,6384.0,2304,20320,5391.7,"void at::native::elementwise_kernel<(int)128, (int)2, void at::native::gpu_kernel_impl_nocast<at::native::BUnaryFunctor<float, float, float, at::native::binary_internal::MulFunctor<float>>>(at::TensorIteratorBase &, const T1 &)::[lambda(int) (instance 1)]>(int, T3)"
0.2,24709622,2048,12065.2,11648.0,10912,15009,973.4,void cutlass::Kernel2<cutlass_80_tensorop_bf16_s16816gemm_relu_bf16_128x64_32x6_tn_align8>(T1::Params)
0.2,24695611,96,257245.9,314066.0,90081,329890,80255.1,"void at::native::vectorized_elementwise_kernel<(int)4, at::native::exp_kernel_cuda(at::TensorIteratorBase &)::[lambda() (instance 2)]::operator ()() const::[lambda() (instance 2)]::operator ()() const::[lambda(float) (instance 1)], std::array<char *, (unsigned long)2>>(int, T2, T3)"
0.1,21232717,1536,13823.4,10576.0,3072,49281,10232.4,"void pytorch_flash::flash_bwd_dot_do_o_kernel<(bool)1, Flash_bwd_kernel_traits<(int)128, (int)64, (int)64, (int)8, (int)4, (int)2, (int)2, (bool)1, (bool)0, cutlass::bfloat16_t, Flash_kernel_traits<(int)128, (int)64, (int)64, (int)8, cutlass::bfloat16_t>>>(pytorch_flash::Flash_bwd_params)"
0.1,20765108,4224,4916.0,4736.0,3488,7777,802.0,void cutlass::Kernel2<cutlass_80_wmma_tensorop_bf16_s161616gemm_bf16_16x16_64x2_nt_align8>(T1::Params)
0.1,18858452,3072,6138.8,4784.0,2464,16288,3320.0,"void at::native::reduce_kernel<(int)128, (int)4, at::native::ReduceOp<c10::BFloat16, at::native::func_wrapper_t<c10::BFloat16, at::native::sum_functor<c10::BFloat16, float, c10::BFloat16>::operator ()(at::TensorIterator &)::[lambda(float, float) (instance 1)]>, unsigned int, c10::BFloat16, (int)4, (int)8>>(T3)"
0.1,16813538,96,175141.0,220578.0,35712,231233,61902.1,"void at::native::reduce_kernel<(int)512, (int)1, at::native::ReduceOp<float, at::native::ArgMaxOps<float>, unsigned int, long, (int)4, (int)4>>(T3)"
0.1,15391901,640,24049.8,24001.0,23009,27680,575.5,ampere_bf16_s16816gemm_bf16_128x64_ldg8_f2f_stages_64x4_tn
0.1,14472208,2848,5081.5,4928.0,3136,9120,1580.1,void cutlass::Kernel2<cutlass_80_wmma_tensorop_bf16_s161616gemm_bf16_32x32_64x1_nt_align8>(T1::Params)
0.1,13620876,6288,2166.2,1472.0,928,6688,1511.2,"void at::native::vectorized_elementwise_kernel<(int)4, at::native::FillFunctor<c10::BFloat16>, std::array<char *, (unsigned long)1>>(int, T2, T3)"
0.1,13615759,1664,8182.5,8208.5,7008,9728,706.5,void cutlass::Kernel2<cutlass_80_wmma_tensorop_bf16_s161616gemm_bf16_16x16_128x2_nn_align8>(T1::Params)
0.1,12703093,2176,5837.8,6144.0,2496,8512,1413.8,ampere_bf16_s16816gemm_bf16_64x64_ldg8_f2f_stages_64x5_tn
0.1,10804054,64,168813.3,168737.5,165729,171585,1541.0,void cutlass::Kernel2<cutlass_80_tensorop_s16816gemm_bf16_256x64_32x4_tn_align8>(T1::Params)
0.1,10580200,1088,9724.4,8384.0,7680,16257,2364.6,"void pytorch_flash::flash_fwd_splitkv_kernel<Flash_fwd_kernel_traits<(int)128, (int)64, (int)128, (int)4, (bool)0, (bool)0, cutlass::bfloat16_t, Flash_kernel_traits<(int)128, (int)64, (int)128, (int)4, cutlass::bfloat16_t>>, (bool)1, (bool)0, (bool)0, (bool)0, (bool)1, (bool)0, (bool)1, (bool)0>(pytorch_flash::Flash_fwd_params)"
0.1,10527080,3264,3225.2,3200.0,2816,3680,241.1,void cutlass::Kernel2<cutlass_80_wmma_tensorop_bf16_s161616gemm_bf16_32x32_64x1_nn_align8>(T1::Params)
0.1,9400491,1536,6120.1,5024.0,2624,13760,3577.9,"void pytorch_flash::flash_bwd_convert_dq_kernel<Flash_bwd_kernel_traits<(int)128, (int)64, (int)64, (int)8, (int)4, (int)2, (int)2, (bool)1, (bool)0, cutlass::bfloat16_t, Flash_kernel_traits<(int)128, (int)64, (int)64, (int)8, cutlass::bfloat16_t>>>(pytorch_flash::Flash_bwd_params, int)"
0.1,9377280,6192,1514.4,1280.0,1024,3200,517.2,"void at::native::vectorized_elementwise_kernel<(int)4, at::native::CUDAFunctorOnSelf_add<float>, std::array<char *, (unsigned long)2>>(int, T2, T3)"
0.1,9107334,69,131990.3,13152.0,12992,1655692,428289.4,ampere_bf16_s16816gemm_bf16_128x64_ldg8_f2f_stages_64x3_nn
0.1,8918013,512,17418.0,17376.0,16161,19488,592.7,ampere_bf16_s16816gemm_bf16_128x64_ldg8_f2f_tn
0.1,8742686,960,9107.0,10592.0,2816,11041,3087.7,ampere_bf16_s16816gemm_bf16_128x64_ldg8_f2f_stages_32x6_nn
0.1,8650130,6192,1397.0,1376.0,1120,1856,160.0,"void at::native::vectorized_elementwise_kernel<(int)4, at::native::rsqrt_kernel_cuda(at::TensorIteratorBase &)::[lambda() (instance 2)]::operator ()() const::[lambda() (instance 2)]::operator ()() const::[lambda(float) (instance 1)], std::array<char *, (unsigned long)2>>(int, T2, T3)"
0.1,8015556,2720,2946.9,2912.0,2592,3648,210.7,void cutlass::Kernel2<cutlass_80_wmma_tensorop_bf16_s161616gemm_bf16_32x32_64x1_tn_align8>(T1::Params)
0.1,7835194,1152,6801.4,5824.0,4480,10016,1559.7,ampere_bf16_s16816gemm_bf16_64x64_ldg8_f2f_stages_64x5_nn
0.1,7675963,320,23987.4,24000.0,23009,25472,360.0,ampere_bf16_s16816gemm_bf16_128x64_ldg8_f2f_stages_64x4_nn
0.0,5919477,320,18498.4,18368.0,14784,21824,1520.9,void cutlass::Kernel2<cutlass_80_tensorop_bf16_s16816gemm_relu_bf16_128x64_64x3_nt_align8>(T1::Params)
0.0,5898833,1024,5760.6,5920.0,4544,7424,715.0,"void pytorch_flash::flash_fwd_splitkv_combine_kernel<Flash_fwd_kernel_traits<(int)128, (int)64, (int)128, (int)4, (bool)0, (bool)0, cutlass::bfloat16_t, Flash_kernel_traits<(int)128, (int)64, (int)128, (int)4, cutlass::bfloat16_t>>, (int)4, (int)1, (bool)1>(pytorch_flash::Flash_fwd_params)"
0.0,5623889,832,6759.5,5728.0,4352,15232,2841.8,void cutlass::Kernel2<cutlass_80_wmma_tensorop_bf16_s161616gemm_bf16_32x32_32x1_nt_align8>(T1::Params)
0.0,5110854,243,21032.3,960.0,896,126369,42349.6,"void at::native::vectorized_elementwise_kernel<(int)4, at::native::FillFunctor<float>, std::array<char *, (unsigned long)1>>(int, T2, T3)"
0.0,4052502,1184,3422.7,3072.0,2720,5248,763.3,ampere_bf16_s16816gemm_bf16_128x64_ldg8_f2f_stages_32x6_tn
0.0,4001698,3120,1282.6,1184.0,1056,2720,250.4,"void at::native::vectorized_elementwise_kernel<(int)4, void at::native::<unnamed>::pow_tensor_scalar_kernel_impl<float, float>(at::TensorIteratorBase &, T2)::[lambda(float) (instance 2)], std::array<char *, (unsigned long)2>>(int, T2, T3)"
0.0,3473531,384,9045.7,9024.0,8512,10304,187.7,void cutlass::Kernel2<cutlass_80_tensorop_s16816gemm_bf16_64x64_32x6_tn_align8>(T1::Params)
0.0,3382934,128,26429.2,26368.0,25792,27616,358.2,void cutlass::Kernel2<cutlass_80_wmma_tensorop_bf16_s161616gemm_bf16_32x32_32x2_tn_align8>(T1::Params)
0.0,2864695,39,73453.7,75905.0,41056,84384,10180.4,"void at::native::<unnamed>::multi_tensor_apply_kernel<at::native::<unnamed>::FusedOptimizerTensorListMetadata<(int)4>, at::native::<unnamed>::FusedAdamMathFunctor<c10::BFloat16, (int)4, (at::native::ADAM_MODE)1, (bool)0>, const float *, double, double, double, double, double, bool, const float *, const float *>(T1, T2, T3...)"
0.0,2787061,96,29031.9,30048.0,20576,37600,5571.6,ampere_bf16_s1688gemm_bf16_128x256_ldg8_f2f_stages_32x1_nn
0.0,2589172,1088,2379.8,2368.0,2304,2560,42.2,void cutlass::Kernel2<cutlass_80_wmma_tensorop_bf16_s161616gemm_bf16_32x32_128x1_nn_align8>(T1::Params)
0.0,2502939,768,3259.0,3232.0,3040,3552,97.1,ampere_bf16_s16816gemm_bf16_64x128_ldg8_f2f_stages_32x6_tn
0.0,2494580,192,12992.6,12992.0,12704,13568,139.4,void cutlass::Kernel2<cutlass_80_tensorop_bf16_s16816gemm_relu_bf16_128x64_32x6_nn_align8>(T1::Params)
0.0,2066127,256,8070.8,8096.0,7712,8352,130.2,ampere_bf16_s16816gemm_bf16_128x64_ldg8_f2f_stages_64x3_tn
0.0,1905935,64,29780.2,30336.0,25696,33569,3137.8,void cutlass::Kernel2<cutlass_80_wmma_tensorop_bf16_s161616gemm_bf16_32x32_32x2_nn_align8>(T1::Params)
0.0,1222282,192,6366.1,6688.0,4736,7520,764.8,void cutlass::Kernel2<cutlass_80_wmma_tensorop_bf16_s161616gemm_bf16_32x32_64x2_nt_align8>(T1::Params)
0.0,1172810,576,2036.1,1760.0,1632,4192,727.5,"void cublasLt::splitKreduce_kernel<(int)32, (int)16, int, float, __nv_bfloat16, float, __nv_bfloat16, (bool)0, __nv_bfloat16, __nv_bfloat16, __nv_bfloat16, (bool)1, (bool)0, (bool)0>(cublasLt::cublasSplitKParams<T6>, const T4 *, const T10 *, T9 *, T5 *, const T6 *, const T6 *, const T11 *, const T4 *, T11 *, void *, long, T6 *, int *, T6 *, T6 *, const T6 *, const T6 *, const T6 *, const T6 *, const T6 *)"
0.0,871972,368,2369.5,2304.0,1632,3552,387.0,"void at::native::reduce_kernel<(int)512, (int)1, at::native::ReduceOp<long, at::native::func_wrapper_t<long, at::native::sum_functor<long, long, long>::operator ()(at::TensorIterator &)::[lambda(long, long) (instance 1)]>, unsigned int, long, (int)4, (int)4>>(T3)"
0.0,778723,128,6083.8,6160.0,4928,7424,754.2,void cutlass::Kernel2<cutlass_80_wmma_tensorop_bf16_s161616gemm_bf16_32x32_128x1_nt_align8>(T1::Params)
0.0,711781,128,5560.8,5728.0,3936,6624,609.2,void cutlass::Kernel2<cutlass_80_tensorop_s16816gemm_bf16_64x64_32x6_nt_align8>(T1::Params)
0.0,563621,96,5871.1,4752.0,1536,25953,4735.1,"void at::native::vectorized_gather_kernel<(int)16, long>(char *, char *, T2 *, int, long, long, long, long, bool)"
0.0,519075,272,1908.4,1856.0,1248,3072,400.4,"void at::native::unrolled_elementwise_kernel<at::native::direct_copy_kernel_cuda(at::TensorIteratorBase &)::[lambda() (instance 3)]::operator ()() const::[lambda() (instance 4)]::operator ()() const::[lambda(long) (instance 1)], std::array<char *, (unsigned long)2>, (int)4, TrivialOffsetCalculator<(int)1, unsigned int>, TrivialOffsetCalculator<(int)1, unsigned int>, at::native::memory::LoadWithCast<(int)1>, at::native::memory::StoreWithCast<(int)1>>(int, T1, T2, T4, T5, T6, T7)"
0.0,518501,15,34566.7,38112.0,12544,44577,11572.5,"void at::native::<unnamed>::multi_tensor_apply_kernel<at::native::<unnamed>::TensorListMetadata<(int)1>, at::native::LpNormFunctor<c10::BFloat16, (at::native::NormType)1, c10::BFloat16, (int)1, (int)1, (int)0>, float *, int>(T1, T2, T3...)"
0.0,501128,64,7830.1,7840.0,7712,7968,49.4,"void pytorch_flash::flash_fwd_splitkv_combine_kernel<Flash_fwd_kernel_traits<(int)128, (int)64, (int)128, (int)4, (bool)0, (bool)0, cutlass::bfloat16_t, Flash_kernel_traits<(int)128, (int)64, (int)128, (int)4, cutlass::bfloat16_t>>, (int)4, (int)2, (bool)1>(pytorch_flash::Flash_fwd_params)"
0.0,431748,15,28783.2,31105.0,10912,44641,10897.5,"void at::native::<unnamed>::multi_tensor_apply_kernel<at::native::<unnamed>::TensorListMetadata<(int)1>, at::native::<unnamed>::BinaryOpScalarTensorFunctor<c10::BFloat16, (int)1, (int)1, (int)0>, std::multiplies<float>, c10::BFloat16 *, float>(T1, T2, T3...)"
0.0,421603,96,4391.7,4544.0,3168,5888,672.0,"void at::native::<unnamed>::nll_loss_forward_reduce_cuda_kernel_2d<float, float, long>(T1 *, T1 *, const T1 *, const T3 *, const T1 *, bool, long, long, long, long)"
0.0,328773,192,1712.4,1664.0,1344,2304,225.6,"void at::native::unrolled_elementwise_kernel<at::native::BinaryFunctor<float, float, float, at::native::binary_internal::DivFunctor<float>>, std::array<char *, (unsigned long)3>, (int)4, TrivialOffsetCalculator<(int)2, unsigned int>, TrivialOffsetCalculator<(int)1, unsigned int>, at::native::memory::LoadWithCast<(int)2>, at::native::memory::StoreWithCast<(int)1>>(int, T1, T2, T4, T5, T6, T7)"
0.0,304674,48,6347.4,5280.0,2336,14176,3943.3,"void <unnamed>::indexing_backward_kernel<c10::BFloat16, (int)4>(const long *, const long *, const T1 *, T1 *, long, long, long, long, bool)"
0.0,218529,48,4552.7,4624.0,2848,5888,762.2,"void at::native::<unnamed>::nll_loss_backward_reduce_cuda_kernel_2d<float, long>(T1 *, const T1 *, const T2 *, const T1 *, const T1 *, bool, int, int, long, long)"
0.0,210788,144,1463.8,1504.0,1120,1888,197.9,"void at::native::vectorized_elementwise_kernel<(int)4, at::native::AUnaryFunctor<long, long, bool, at::native::<unnamed>::CompareEqFunctor<long>>, std::array<char *, (unsigned long)2>>(int, T2, T3)"
0.0,206691,48,4306.1,4000.0,3872,5600,592.4,"void at_cuda_detail::cub::DeviceRadixSortSingleTileKernel<at_cuda_detail::cub::DeviceRadixSortPolicy<long, at::cuda::cub::detail::OpaqueType<(int)8>, unsigned long long>::Policy900, (bool)0, long, at::cuda::cub::detail::OpaqueType<(int)8>, unsigned long long, at_cuda_detail::cub::detail::identity_decomposer_t>(const T3 *, T3 *, const T4 *, T4 *, T5, int, int, T6)"
0.0,185312,28,6618.3,6592.0,6336,6944,157.3,"void at::native::radixSortKVInPlace<(int)-2, (int)-1, (int)32, (int)32, signed char, long, unsigned int>(at::cuda::detail::TensorInfo<T5, T7>, T7, T7, T7, at::cuda::detail::TensorInfo<T6, T7>, T7, bool)"
0.0,177761,48,3703.4,3664.0,2304,5632,1104.5,"void at::native::index_elementwise_kernel<(int)128, (int)4, void at::native::gpu_index_kernel<void at::native::index_kernel_impl<at::native::OpaqueType<(int)8>>(at::TensorIteratorBase &, c10::ArrayRef<long>, c10::ArrayRef<long>)::[lambda(char *, const char *, long) (instance 1)]>(at::TensorIteratorBase &, c10::ArrayRef<long>, c10::ArrayRef<long>, const T1 &, bool)::[lambda(int) (instance 1)]>(long, T3)"
0.0,154305,96,1607.3,1600.0,1344,1856,119.9,"void at::native::vectorized_elementwise_kernel<(int)4, at::native::neg_kernel_cuda(at::TensorIteratorBase &)::[lambda() (instance 2)]::operator ()() const::[lambda() (instance 7)]::operator ()() const::[lambda(float) (instance 1)], std::array<char *, (unsigned long)2>>(int, T2, T3)"
0.0,143234,144,994.7,960.0,928,1184,70.5,"void <unnamed>::elementwise_kernel_with_index<int, at::native::arange_cuda_out(const c10::Scalar &, const c10::Scalar &, const c10::Scalar &, at::Tensor &)::[lambda() (instance 1)]::operator ()() const::[lambda() (instance 4)]::operator ()() const::[lambda(long) (instance 1)]>(T1, T2, function_traits<T2>::result_type *)"
0.0,142082,96,1480.0,1440.0,1216,1792,128.6,"void at::native::vectorized_elementwise_kernel<(int)4, at::native::BinaryFunctor<long, long, bool, at::native::<unnamed>::CompareEqFunctor<long>>, std::array<char *, (unsigned long)3>>(int, T2, T3)"
0.0,138528,96,1443.0,1440.0,1248,1856,107.6,"void at::native::vectorized_elementwise_kernel<(int)4, at::native::BinaryFunctor<bool, bool, bool, at::native::BitwiseAndFunctor<bool>>, std::array<char *, (unsigned long)3>>(int, T2, T3)"
0.0,136002,48,2833.4,2752.0,2528,3488,194.7,"void at::native::<unnamed>::CatArrayBatchedCopy<at::native::<unnamed>::OpaqueType<(unsigned int)4>, unsigned int, (int)3, (int)64, (int)64>(T1 *, at::native::<unnamed>::CatArrInputTensorMetadata<T1, T2, T4, T5>, at::native::<unnamed>::TensorSizeStride<T2, (unsigned int)4>, int, T2)"
0.0,132930,80,1661.6,1280.0,1153,3104,660.9,"void at::native::unrolled_elementwise_kernel<at::native::AUnaryFunctor<long, long, bool, at::native::<unnamed>::CompareEqFunctor<long>>, std::array<char *, (unsigned long)2>, (int)4, TrivialOffsetCalculator<(int)1, unsigned int>, TrivialOffsetCalculator<(int)1, unsigned int>, at::native::memory::LoadWithoutCast, at::native::memory::StoreWithoutCast>(int, T1, T2, T4, T5, T6, T7)"
0.0,129410,96,1348.0,1392.0,1152,1696,154.3,"void at::native::vectorized_elementwise_kernel<(int)4, void at::native::compare_scalar_kernel<long>(at::TensorIteratorBase &, at::native::<unnamed>::OpType, T1)::[lambda(long) (instance 1)], std::array<char *, (unsigned long)2>>(int, T2, T3)"
0.0,124355,96,1295.4,1248.5,1120,1728,154.8,"void at::native::vectorized_elementwise_kernel<(int)2, at::native::AUnaryFunctor<long, long, long, at::native::binary_internal::MulFunctor<long>>, std::array<char *, (unsigned long)2>>(int, T2, T3)"
0.0,121312,48,2527.3,2816.0,1664,3328,529.2,"void at::native::unrolled_elementwise_kernel<at::native::direct_copy_kernel_cuda(at::TensorIteratorBase &)::[lambda() (instance 3)]::operator ()() const::[lambda() (instance 11)]::operator ()() const::[lambda(bool) (instance 1)], std::array<char *, (unsigned long)2>, (int)4, TrivialOffsetCalculator<(int)1, unsigned int>, TrivialOffsetCalculator<(int)1, unsigned int>, at::native::memory::LoadWithCast<(int)1>, at::native::memory::StoreWithCast<(int)1>>(int, T1, T2, T4, T5, T6, T7)"
0.0,119746,48,2494.7,2528.0,1824,3136,358.6,"void at::native::unrolled_elementwise_kernel<at::native::BinaryFunctor<float, float, float, at::native::binary_internal::MulFunctor<float>>, std::array<char *, (unsigned long)3>, (int)4, TrivialOffsetCalculator<(int)2, unsigned int>, TrivialOffsetCalculator<(int)1, unsigned int>, at::native::memory::LoadWithCast<(int)2>, at::native::memory::StoreWithCast<(int)1>>(int, T1, T2, T4, T5, T6, T7)"
0.0,119649,15,7976.6,8320.0,6912,8865,723.0,"void at::native::radixSortKVInPlace<(int)-2, (int)-1, (int)64, (int)32, signed char, long, unsigned int>(at::cuda::detail::TensorInfo<T5, T7>, T7, T7, T7, at::cuda::detail::TensorInfo<T6, T7>, T7, bool)"
0.0,108609,96,1131.3,1088.0,1024,1344,92.3,"void at::native::vectorized_elementwise_kernel<(int)4, at::native::BUnaryFunctor<float, float, float, at::native::binary_internal::MulFunctor<float>>, std::array<char *, (unsigned long)2>>(int, T2, T3)"
0.0,102848,48,2142.7,2192.0,1536,2976,433.1,"void at::native::unrolled_elementwise_kernel<at::native::direct_copy_kernel_cuda(at::TensorIteratorBase &)::[lambda() (instance 3)]::operator ()() const::[lambda() (instance 2)]::operator ()() const::[lambda(signed char) (instance 1)], std::array<char *, (unsigned long)2>, (int)4, TrivialOffsetCalculator<(int)1, unsigned int>, TrivialOffsetCalculator<(int)1, unsigned int>, at::native::memory::LoadWithCast<(int)1>, at::native::memory::StoreWithCast<(int)1>>(int, T1, T2, T4, T5, T6, T7)"
0.0,96160,48,2003.3,1984.0,1824,2400,147.9,"void at::native::vectorized_elementwise_kernel<(int)4, at::native::cos_kernel_cuda(at::TensorIteratorBase &)::[lambda() (instance 2)]::operator ()() const::[lambda() (instance 2)]::operator ()() const::[lambda(float) (instance 1)], std::array<char *, (unsigned long)2>>(int, T2, T3)"
0.0,96001,48,2000.0,1968.0,1664,2528,273.5,"void at::native::vectorized_elementwise_kernel<(int)2, at::native::BUnaryFunctor<long, long, long, at::native::remainder_kernel_cuda(at::TensorIteratorBase &)::[lambda() (instance 1)]::operator ()() const::[lambda() (instance 4)]::operator ()() const::[lambda(long, long) (instance 1)]>, std::array<char *, (unsigned long)2>>(int, T2, T3)"
0.0,95427,48,1988.1,1984.0,1696,2305,147.4,"void at::native::vectorized_elementwise_kernel<(int)4, at::native::sin_kernel_cuda(at::TensorIteratorBase &)::[lambda() (instance 2)]::operator ()() const::[lambda() (instance 2)]::operator ()() const::[lambda(float) (instance 1)], std::array<char *, (unsigned long)2>>(int, T2, T3)"
0.0,85152,48,1774.0,1760.0,1440,2272,254.6,"void at::native::vectorized_elementwise_kernel<(int)2, at::native::BUnaryFunctor<long, long, long, at::native::binary_internal::div_trunc_kernel_cuda(at::TensorIteratorBase &)::[lambda() (instance 1)]::operator ()() const::[lambda() (instance 4)]::operator ()() const::[lambda(long, long) (instance 1)]>, std::array<char *, (unsigned long)2>>(int, T2, T3)"
0.0,79104,48,1648.0,1600.0,1408,1984,146.4,"void at::native::unrolled_elementwise_kernel<at::native::BUnaryFunctor<float, float, float, at::native::binary_internal::MulFunctor<float>>, std::array<char *, (unsigned long)2>, (int)4, TrivialOffsetCalculator<(int)1, unsigned int>, TrivialOffsetCalculator<(int)1, unsigned int>, at::native::memory::LoadWithCast<(int)1>, at::native::memory::StoreWithCast<(int)1>>(int, T1, T2, T4, T5, T6, T7)"
0.0,73440,48,1530.0,1504.0,1408,1728,88.0,"void gemmk1_kernel<int, float, (int)256, (int)5, (bool)0, (bool)0, (bool)0, (bool)0, cublasGemvTensorStridedBatched<const float>, cublasGemvTensorStridedBatched<const float>, cublasGemvTensorStridedBatched<float>, float, (int)0>(cublasGemmk1Params<T2, T9, T10, T11, T12, biasType<T11::value_type, T12>::type>)"
0.0,69666,48,1451.4,1296.0,1248,2400,339.8,"void at::native::vectorized_elementwise_kernel<(int)4, at::native::BinaryFunctor<float, float, bool, at::native::<unnamed>::CompareEqFunctor<float>>, std::array<char *, (unsigned long)3>>(int, T2, T3)"
0.0,68704,50,1374.1,1344.0,1152,1664,117.2,"void at::native::vectorized_elementwise_kernel<(int)2, at::native::CUDAFunctorOnSelf_add<long>, std::array<char *, (unsigned long)2>>(int, T2, T3)"
0.0,63840,48,1330.0,1312.0,1184,1664,158.4,"void at::native::vectorized_elementwise_kernel<(int)4, at::native::<unnamed>::launch_clamp_scalar(at::TensorIteratorBase &, c10::Scalar, c10::Scalar, at::native::detail::ClampLimits)::[lambda() (instance 1)]::operator ()() const::[lambda() (instance 7)]::operator ()() const::[lambda(float) (instance 1)], std::array<char *, (unsigned long)2>>(int, T2, T3)"
0.0,58656,48,1222.0,1216.0,1056,1536,148.4,"void at::native::vectorized_elementwise_kernel<(int)4, at::native::ceil_kernel_cuda(at::TensorIteratorBase &)::[lambda() (instance 1)]::operator ()() const::[lambda() (instance 2)]::operator ()() const::[lambda(float) (instance 1)], std::array<char *, (unsigned long)2>>(int, T2, T3)"
0.0,56384,48,1174.7,1120.0,1088,1376,95.9,"void at::native::vectorized_elementwise_kernel<(int)4, at::native::AUnaryFunctor<float, float, bool, at::native::<unnamed>::CompareEqFunctor<float>>, std::array<char *, (unsigned long)2>>(int, T2, T3)"
0.0,54049,48,1126.0,1088.0,1056,1312,90.2,"void at::native::vectorized_elementwise_kernel<(int)4, at::native::AbsFunctor<float>, std::array<char *, (unsigned long)2>>(int, T2, T3)"
0.0,37184,30,1239.5,1216.0,1184,1408,53.8,"void at::native::vectorized_elementwise_kernel<(int)2, at::native::CUDAFunctor_add<long>, std::array<char *, (unsigned long)3>>(int, T2, T3)"
0.0,28672,15,1911.5,1920.0,1632,2176,172.5,"void at::native::<unnamed>::multi_tensor_apply_kernel<at::native::<unnamed>::TensorListMetadata<(int)1>, at::native::<unnamed>::BinaryOpScalarFunctor<float, (int)1, (int)1, (int)0>, std::plus<float>, float>(T1, T2, T3...)"
0.0,21824,12,1818.7,1824.0,1472,2176,204.6,"void at::native::<unnamed>::CatArrayBatchedCopy_alignedK_contig<at::native::<unnamed>::OpaqueType<(unsigned int)2>, unsigned int, (int)1, (int)128, (int)1, (int)8>(T1 *, at::native::<unnamed>::CatArrInputTensorMetadata<T1, T2, T4, T5>, at::native::<unnamed>::TensorSizeStride<T2, (unsigned int)4>, int, T2)"
0.0,13344,5,2668.8,2688.0,2592,2784,80.3,"void at::native::radixSortKVInPlace<(int)-2, (int)-1, (int)32, (int)4, signed char, long, unsigned int>(at::cuda::detail::TensorInfo<T5, T7>, T7, T7, T7, at::cuda::detail::TensorInfo<T6, T7>, T7, bool)"
0.0,11680,6,1946.7,1904.0,1504,2336,307.9,"void at::native::lpnorm_cleanup<c10::BFloat16, (at::native::NormType)1, c10::BFloat16, (bool)1, float>(const T5 *, at::native::TensorListAddresses, int)"
0.0,8193,3,2731.0,2848.0,2400,2945,290.7,"void at::native::reduce_kernel<(int)512, (int)1, at::native::ReduceOp<c10::BFloat16, at::native::NormTwoOps<c10::BFloat16, float, c10::BFloat16, (bool)1>, unsigned int, c10::BFloat16, (int)4, (int)4>>(T3)"
0.0,4256,3,1418.7,1504.0,1248,1504,147.8,"void at::native::vectorized_elementwise_kernel<(int)4, at::native::reciprocal_kernel_cuda(at::TensorIteratorBase &)::[lambda() (instance 1)]::operator ()() const::[lambda() (instance 6)]::operator ()() const::[lambda(c10::BFloat16) (instance 1)], std::array<char *, (unsigned long)2>>(int, T2, T3)"
0.0,4128,3,1376.0,1440.0,1216,1472,139.5,"void at::native::vectorized_elementwise_kernel<(int)4, at::native::<unnamed>::launch_clamp_scalar(at::TensorIteratorBase &, c10::Scalar, c10::Scalar, at::native::detail::ClampLimits)::[lambda() (instance 1)]::operator ()() const::[lambda() (instance 9)]::operator ()() const::[lambda(c10::BFloat16) (instance 1)], std::array<char *, (unsigned long)2>>(int, T2, T3)"
0.0,3680,3,1226.7,1280.0,1088,1312,121.2,"void at::native::vectorized_elementwise_kernel<(int)4, at::native::CUDAFunctorOnSelf_add<c10::BFloat16>, std::array<char *, (unsigned long)2>>(int, T2, T3)"
