experiment,data,batch_size,grad_accum,sampling,seconds,tokens_per_s,final_loss,peak_gib
B,0-256,1,16,random,53.3,392,2.072643995285034,6.2
B,256-512,1,16,random,53.3,802,2.7165091037750244,10.8
B,512-1024,1,16,random,55.9,1895,2.746424913406372,10.8
B,1024-2048,1,16,random,75.4,2163,3.7114787101745605,10.8
B,2048-3200,1,16,random,137.1,2256,4.56843900680542,10.8
C,mix,1,16,random,61.9,1343,2.5276997089385986,10.8
C,mix,2,8,random,60.3,1379,2.5288121700286865,10.8
C,mix,2,8,group_by_length,49.3,1686,2.8873822689056396,10.8
C,mix,4,4,random,77.7,1071,2.548564910888672,9.4
C,mix,4,4,group_by_length,48.1,1728,2.8906965255737305,10.8
C,mix,8,2,random,93.1,893,2.548551321029663,13.1
C,mix,8,2,group_by_length,54.8,1519,2.894940137863159,12.9
